niche,Astrocyte,Astrocyte Gfap-high / qNSC,Endothelial,Excitatory neuron,Inhibitory neuron,Microglia,Microglia activated / DAM,Neuroblast,Neuron (other),OPC,Oligodendrocyte,Pericyte-VSMC,Striatal MSN,Unassigned,experiment,condition
N0: Astrocyte | Neuroblast,0.27191756898358366,0.05233438118523693,0.05920363255326581,0.05018046338339737,0.1821515892420538,0.016183490511118875,0.02689486552567237,0.021830247991617185,0.01775526836651531,0.032832692979392245,0.030271277215042497,0.044184421935033184,0.08726277797182443,0.10699732215624636,recovery,CupRap
N1: Striatal MSN | Microglia,0.12792197323875545,0.005723037240045139,0.03772368208931162,0.028292761566983717,0.06255037884894406,0.01475092697082057,0.00507818797356118,0.004352732548766725,0.09334193132355312,0.018620022569724327,0.012252136063195229,0.012977591487989682,0.500644849266484,0.07576978881186523,recovery,CupRap
N2: Excitatory neuron | Endothelial,0.08625735545938541,0.005977770167190759,0.05938852392664778,0.5886858245898067,0.05671098103926025,0.013527818425231172,0.011955540334381518,0.0007627883807092375,0.002008157165540646,0.01628319686167066,0.018742800211712693,0.017621968305364426,0.03606899343067966,0.08600828170241913,recovery,CupRap
N3: Unassigned | Neuron (other),0.06545084153853616,0.06869088616190522,0.04863947228015715,0.0739001794635495,0.04614638405199593,0.004530242033273512,0.08283455400882767,0.003569869525149149,0.15051656400058205,0.0233884658291701,0.03083862831643789,0.03305039530484551,0.04804772760343406,0.32039578988213613,recovery,CupRap
N4: Microglia activated / DAM | Astrocyte Gfap-high / qNSC,0.01179245283018868,0.15766946191474493,0.02279874213836478,0.006726065688329839,0.015548567435359888,0.00043675751222921035,0.4233927323549965,0.002795248078266946,0.03275681341719078,0.06018518518518518,0.11705101327742837,0.006595038434661076,0.0031009783368273936,0.1391509433962264,recovery,CupRap
N5: Oligodendrocyte | Astrocyte Gfap-high / qNSC,0.031200467172770502,0.2859764745140569,0.02636189204972053,0.003253524651706015,0.03370317844331359,0.0008342370901810295,0.1987152748811212,0.012596980061733544,0.00792525235671978,0.04287978643530491,0.269041461583382,0.0085092183198465,0.002002169016434471,0.07700008342370902,recovery,CupRap
N0: Astrocyte | Neuroblast,0.46772550513327016,0.016617799470285497,0.04415763878431407,0.07914714193336936,0.12149772789682083,0.018876615496363748,0.0015324516569079909,0.010443702332338272,0.001195843778512016,0.021906086401927524,0.045566077012339334,0.03779752150304276,0.11069970148196047,0.02283618711854798,recovery,Control
N1: Striatal MSN | Microglia,0.20629591787087043,0.0011482508636208827,0.04203765873595096,0.032394297669439985,0.03390259329538267,0.019276991193499734,0.0004086994599328565,0.0017515691139979566,0.004155111175984041,0.015919817058336984,0.027188245025057168,0.010781880990609644,0.5912226925509658,0.013516274996350898,recovery,Control
N2: Excitatory neuron | Endothelial,0.1776247757262933,0.0025366129588220215,0.055319374596749245,0.5992328292514782,0.04974236143641233,0.017773967457111798,0.0003712116525105398,0.000212120944291737,7.0706981430579e-05,0.01563508126883678,0.038464597898234976,0.01202018684319843,0.016616140636186067,0.014380032348444004,recovery,Control
N3: Unassigned | Neuron (other),0.10229244679879441,0.06868207142204767,0.08777057265503699,0.036076354004931956,0.01415654397661887,0.015526532103388438,0.003561969129600877,0.04356562243127226,0.004475294547447255,0.013882546351264955,0.020367156817974245,0.5226961366334825,0.024751118823636863,0.0421956343045027,recovery,Control
N4: Microglia activated / DAM | Astrocyte Gfap-high / qNSC,0.09090909090909091,0.36363636363636365,0.09090909090909091,0.0,0.0,0.0,0.18181818181818182,0.0,0.0,0.0,0.0,0.2727272727272727,0.0,0.0,recovery,Control
N5: Oligodendrocyte | Astrocyte Gfap-high / qNSC,0.08339726868190886,0.24290317630811722,0.03736381770753414,0.01611170784103115,0.010741138560687433,0.01779960104342489,0.005907626208378088,0.007442074574190579,0.0006905017646156207,0.024704618689581095,0.4806659505907626,0.02171244437624674,0.008132576338806199,0.04242749731471536,recovery,Control
