niche_cc,Astrocyte,Astrocyte Gfap-high / qNSC,Endothelial,Excitatory neuron,Inhibitory neuron,Microglia,Microglia activated / DAM,Neuroblast,Neuron (other),OPC,Oligodendrocyte,Pericyte-VSMC,Striatal MSN,Unassigned,experiment,condition
C0: Excitatory neuron | Inhibitory neuron,0.0,0.0,4.282838665467472e-05,0.794466572444216,0.14137650434708124,0.0,0.0,0.0,0.0,0.0,8.565677330934944e-05,0.0,0.0002141419332733736,0.06381429611546532,recovery,CupRap
C1: Astrocyte | Microglia,0.22924533782606168,0.019345843258002673,0.06222041480276535,0.04577935281473305,0.06396328356474758,0.020159182013594377,0.012200081333875559,0.004589554406553187,0.054842270377040606,0.022192528902573637,0.015976296984837043,0.02097252076918608,0.22587579155289605,0.20263754139313309,recovery,CupRap
C2: Unassigned | Neuron (other),0.02437781634635288,0.07848351193414327,0.04409025046574208,0.025858637326242377,0.017467318440201902,0.0018788911357737687,0.17433880547107622,0.0002706877060013057,0.15593204146298745,0.03237106507650908,0.052354186901899594,0.011177809977230387,0.027005079375189082,0.3543938983806506,recovery,CupRap
C3: Excitatory neuron | Endothelial,0.09701492537313433,0.0,0.07249466950959488,0.10980810234541578,0.0021321961620469083,0.0,0.0,0.0,0.0,0.007462686567164179,0.7046908315565032,0.0021321961620469083,0.0010660980810234541,0.0031982942430703624,recovery,CupRap
C4: Oligodendrocyte | Microglia activated / DAM,0.0015121239941675217,0.24318194091915538,0.012475022951882055,0.0003240265701787547,0.0,0.0004320354269050062,0.3959064643300751,0.000486039855268132,0.0,0.058486795917265216,0.2618134687044338,0.0022141815628881566,5.400442836312577e-05,0.023113895339417833,recovery,CupRap
C5: Astrocyte | Neuroblast,0.1870484697228425,0.09267043215552345,0.1067253382372258,0.027978457900958886,0.03546565086037042,0.02462892420859057,0.05188493366609746,0.05832129252594247,0.01917772231708919,0.03651648495993695,0.007684224353080258,0.18987258636542756,0.03986601865230527,0.12215946407460922,recovery,CupRap
C6: Striatal MSN | Neuron (other),0.0,0.0,0.0,0.0,0.18969979296066253,0.0,0.0,6.469979296066253e-05,0.43523550724637683,0.0,0.0003234989648033126,0.0,0.3746765010351967,0.0,recovery,CupRap
C7: Astrocyte | Inhibitory neuron,0.2191142191142191,0.19667832167832167,0.027025058275058276,0.007502913752913753,0.16193181818181818,0.0001456876456876457,0.054268648018648016,0.0002913752913752914,0.001821095571095571,0.03787878787878788,0.08224067599067598,0.006555944055944056,0.014932983682983682,0.18961247086247085,recovery,CupRap
C8: Excitatory neuron | Microglia,0.11985749690210656,0.024736679058240396,0.07769516728624536,0.3909541511771995,0.028949814126394052,0.014978314745972738,0.029166666666666667,0.0009758364312267658,0.002664188351920694,0.02421003717472119,0.009835811648079305,0.025170384138785626,0.04462515489467162,0.20618029739776952,recovery,CupRap
C0: Excitatory neuron | Inhibitory neuron,2.7760042195264137e-05,0.0,0.00013880021097632068,0.8608111484329456,0.13732892873997168,0.0,0.0,0.0,2.7760042195264137e-05,0.0,0.0002220803375621131,0.0,0.0006384809704910752,0.0008050412236626599,recovery,Control
C1: Astrocyte | Microglia,0.38645173542455624,0.002703397120100093,0.0631947004479596,0.05244813834243775,0.0328429236904722,0.030865645631556016,0.0006590926863053945,0.004323201179664198,0.0049822938659695925,0.024565166392975638,0.04095311505077248,0.013539327725459968,0.31786141179887617,0.024609850642894646,recovery,Control
C2: Unassigned | Neuron (other),0.1581986143187067,0.12413394919168591,0.0802540415704388,0.06293302540415704,0.006351039260969977,0.03926096997690531,0.006928406466512702,0.0023094688221709007,0.01558891454965358,0.024826789838337183,0.25519630484988454,0.010969976905311778,0.06581986143187067,0.14722863741339492,recovery,Control
C3: Excitatory neuron | Endothelial,0.2996265988718519,0.004464924128068642,0.08650194645268929,0.4473504409311194,0.01642964963851593,0.0009533645825057599,0.00042901406212759194,3.1778819416858666e-05,4.7668229125287996e-05,0.02230873123063478,0.08057519663144515,0.010931913879399381,0.010757130372606657,0.019591642170493365,recovery,Control
C4: Oligodendrocyte | Microglia activated / DAM,0.0592079594225517,0.25985173624658603,0.028774873195474053,0.0003901677721420211,0.0,0.01872805306281701,0.005950058525165822,0.0005852516582130316,0.0,0.025458447132266873,0.5581349980491611,0.005462348809988295,0.0,0.03745610612563402,recovery,Control
C5: Astrocyte | Neuroblast,0.35450899571102323,0.04297331922241408,0.07753578789060324,0.026597226090347016,0.017629365565643627,0.03091405336155517,0.003230657828775135,0.04032752186264134,0.00047345847490670083,0.022586754302902023,0.0060157076811674925,0.2701219851835348,0.08778477134740711,0.01930039547707904,recovery,Control
C6: Striatal MSN | Neuron (other),0.0,0.0,8.495996261761645e-05,4.2479981308808224e-05,0.13100826235636456,0.0,0.0,2.1239990654404112e-05,0.0026125188504917056,0.00012743994392642468,0.001295639429918651,0.0,0.8648074594847178,0.0,recovery,Control
C7: Astrocyte | Inhibitory neuron,0.5630840492284491,0.029865618183287104,0.03016185064497886,0.013545902566450328,0.18369105647267928,0.0035278593165109203,0.0019120458891013384,0.0022890690221635743,0.0001346511189507985,0.025556782376861552,0.0932055045377427,0.006382463038267848,0.02240594619341287,0.024237201411143727,recovery,Control
C8: Excitatory neuron | Microglia,0.25876947910846215,0.004625318184640219,0.048581362140684176,0.4729931085863289,0.01766312783261936,0.06832433103619544,0.0009002297137890358,0.0007450176941702365,0.00018625442354255913,0.021077792264232943,0.004066554914012541,0.02585832246849196,0.047898429254361455,0.028310672378468987,recovery,Control
