niche_cc,Astrocyte,Astrocyte Gfap-high / qNSC,Endothelial,Excitatory neuron,Inhibitory neuron,Microglia,Microglia activated / DAM,Neuroblast,Neuron (other),OPC,Oligodendrocyte,Pericyte-VSMC,Striatal MSN,Unassigned
C0: Excitatory neuron | Inhibitory neuron,-10.724319145997045,-8.538360548257998,-7.907661326601367,1.9356960217140955,1.1648675906573378,-7.166916352896601,-8.578099767600415,-5.717718751991022,-8.092165576514148,-7.746576189805232,-7.5689736993630214,-8.30702874873079,-8.083582308166982,-1.7951148908905232
C1: Astrocyte | Microglia,0.8696846688008221,-2.7603028171703503,0.38708377333561034,-2.0838920691551865,-0.7078082611616575,1.0248312787564176,-3.866396442226276,-0.23675649775521085,-1.2807257182270748,0.17719794967483382,-0.46116325833376415,-1.0938638337439306,0.9671082175015339,-0.7385905537235783
C2: Unassigned | Neuron (other),-2.8160396607891087,1.1020413983272932,-0.09634332318748795,-3.017216956708697,-1.8441775424140534,-2.2686320605613655,2.152759395572079,-3.628882375395622,2.2556369587479086,0.5874105702656212,0.18385477988400073,-1.49039933336331,-2.46176831751321,1.968872030482093
C3: Excitatory neuron | Endothelial,0.5861480770807957,-3.0467142626519896,0.8395535999207343,1.0198869983037415,-1.9257469595219363,-3.789287192878456,-6.19207845690092,-5.324718505057934,-7.761232289386888,0.04723590940745753,0.8177061478010619,-1.5384888790207136,-3.855132265153354,-2.196173234843003
C4: Oligodendrocyte | Microglia activated / DAM,-3.156270762506836,2.7448570114429236,-1.3929981066654527,-8.929355208314213,-9.276216443236299,-1.0269706314277065,2.7496955741397144,-3.0822091483517995,-8.316736342278606,1.1243110198352313,2.8500480284419845,-3.189464684943855,-10.168206781802747,-1.6539430445659757
C5: Astrocyte | Neuroblast,0.6244869111304799,0.6383621665136218,0.8384102697933661,-3.0089506374863744,-1.4281804475262738,1.0200634070326868,-1.100839724361348,3.1210337701855124,-2.3758220391199,0.32138114696352793,-2.9463811941007965,2.959321261983502,-1.0747273874875338,-0.8332283597572995
C6: Striatal MSN | Neuron (other),-10.948889911761501,-8.538360548257998,-8.201908509710531,-10.691222559320702,1.2317154822581857,-7.166916352896601,-8.578099767600415,-5.317387763345576,1.7817584239223525,-6.776140671228803,-5.463227716892419,-8.30702874873079,2.2620489995788433,-9.799866293925898
C7: Astrocyte | Inhibitory neuron,1.250605843737186,1.0122013203758413,-0.7148535236889819,-4.182881520645479,1.5207801102233454,-2.404051888299737,-1.243269893041267,-1.508368885627321,-5.530468481448469,0.43246906047360695,0.825799084109996,-2.278175048937116,-2.9198962915321824,-0.3699576803080626
C8: Excitatory neuron | Microglia,-0.25019972238991933,-1.0351679795985147,0.49632035967729654,0.9389865878038292,-1.2936382276490723,1.1922211057749181,-0.9445688124498054,-2.397231477408226,-4.039244715063796,0.11558874604976051,-2.6688238037217147,-0.31271015580497274,-1.7589266387393911,0.7224336728958526
