sample_id,experiment,condition,region,n_cells,pct Striatal MSN,pct Inhibitory neuron,pct Astrocyte,pct Astrocyte Gfap-high / qNSC,pct OPC,pct Oligodendrocyte,pct Microglia,pct Lesion glia (Gfap+ Olig2+),pct Endothelial,pct Pericyte-VSMC,pct Neuroblast,microglia mean Cybb,microglia mean H2-Eb1,microglia mean Lgals3,microglia mean Spp1,microglia mean Igf1,microglia mean Osm,microglia mean Mki67,pct progenitors Mki67+,pct progenitors Egfr+,pct progenitors Ascl1+,pct OPC Gpr17/Enpp6+,oligodendrocyte mean Mbp
Recov_Cntl1,recovery,Control,striatum,31620,60.407969639468696,2.4920936116382038,8.472485768500949,0.13282732447817835,2.2770398481973433,10.515496521189121,3.6116382036685644,0.015812776723592662,8.330170777988615,1.5306767868437698,0.003162555344718533,0.030647986,0.06129597,0.030647986,0.020140106,0.02451839,0.11558669,0.082311735,3.980244044160372,64.2649622312609,7.873329459616501,93.19444444444444,40.338043
Recov_Cntl2,recovery,Control,striatum,36916,63.07834001516957,2.695308267417922,8.340556940080182,0.07584787084191137,2.072272185502221,7.690432332863799,3.3589771372846458,0.016253115180409578,7.584787084191137,1.5034131541878861,0.027088525300682634,0.025806451,0.015322581,0.022580646,0.022580646,0.038709678,0.105645165,0.10887097,3.657908294693457,64.940752189593,5.17774343122102,92.94117647058823,31.439943
Recov_CupRap1,recovery,CupRap,striatum,35353,56.28376658275111,2.135603767714197,7.393997680536306,0.5374367097558906,2.9078154612055553,5.275365598393347,14.400475207195996,0.07071535654682772,6.983848612564704,1.2417616609622946,0.008485842785619325,2.912198,1.9072874,3.3439403,3.998625,0.55843645,0.19092517,0.13455117,6.4146023468057365,58.69621903520209,10.795306388526727,93.19066147859922,24.827883
Recov_CupRap2,recovery,CupRap,striatum,37189,56.56780230713383,2.2748662238834063,6.181935518567318,0.32536502729301675,2.578719513834736,4.054962488908011,17.24434644652989,0.05646831052192853,6.5315012503697325,1.1992793567990534,0.05109037618650676,2.745673,1.5415562,2.3655076,4.670825,0.40495867,0.18259785,0.20520817,5.679811653914067,58.62271924661565,8.563861094761624,91.86652763295099,24.01459
NoRecov_Cntl1,no_recovery,Control,striatum,21345,58.46802529866479,2.3143593347388145,8.709299601780277,0.23893183415319746,2.525181541344577,11.431248535956898,3.57929257437339,0.056219255094869997,8.371984071211056,1.5741391426563598,0.004684937924572499,0.09816754,0.02486911,0.043193717,0.02617801,0.039267015,0.14005236,0.17277487,12.408163265306122,52.28571428571429,18.775510204081634,92.76437847866418,19.721312
NoRecov_Cntl2,no_recovery,Control,striatum,27439,58.537118699661065,2.558402274135355,8.31662961478188,0.2368890994569773,1.9607128539669814,11.239476657312585,4.318670505484894,0.036444476839534966,8.52436313276723,1.9497795109151208,0.0,0.05400844,0.012658228,0.04050633,0.02278481,0.029535865,0.11392405,0.13417721,10.294627383015598,54.00346620450607,15.667244367417677,92.56505576208178,16.935472
NoRecov_Cntl3,no_recovery,Control,striatum,27948,60.96321740374982,2.350794332331473,8.20094461142121,0.2683555173894375,2.3722627737226274,9.464004579934164,3.6603692571919275,0.0250465149563475,7.767997710032919,1.7353656791183627,0.007156147130385,0.060606062,0.0136852395,0.032258064,0.012707722,0.021505376,0.10654937,0.10557185,8.146437994722955,54.485488126649074,14.511873350923482,91.8552036199095,17.69036
NoRecov_CupRap1,no_recovery,CupRap,striatum,22986,62.17262681632298,2.492821717567215,8.596537022535458,0.24362655529452712,2.1099799878186722,0.16966849386583138,6.199425737405377,5.429391803706604,8.626990341947273,1.7401896806751935,0.0,0.86105263,0.4757895,0.8821053,4.477193,0.14736842,0.1522807,0.3354386,14.302741358760429,60.50854191497815,13.627334127930075,84.12371134020619,9.205129
NoRecov_CupRap2,no_recovery,CupRap,striatum,35638,64.67815253381222,2.7246197878668834,8.56389247432516,0.1655536225377406,2.0680172849205904,0.07014984005836467,5.250014029968011,2.797575621527583,8.617206352769516,1.6443122509680677,0.0028059936023345864,0.5622662,0.070016034,0.78514165,1.6365579,0.13575628,0.12987708,0.43933725,8.521693946479605,62.69160820992465,13.691868017666927,88.33107191316147,9.92
NoRecov_CupRap3,no_recovery,CupRap,striatum,38173,60.35417703612501,2.768972834202185,8.466717313284258,0.17027742121394704,2.433657297042412,0.3457941476960155,6.528174364079323,5.3257538050454505,8.461478008016137,1.5665522751683127,0.00785895790218217,0.40008026,0.030497592,0.6348315,3.0465488,0.10834671,0.15168539,0.37199038,13.856703712461574,59.94324899503428,15.91392764246867,88.48223896663079,7.6439395
Inf_BSA1,infusion,BSA_infused,striatum,13436,59.61595713009824,2.6793688597796965,7.673414706757963,0.379577255135457,2.3444477523072345,12.265555224769278,2.977076510866329,0.007442691277165824,8.320928847871391,1.689490919916642,0.0,0.025,0.0025,0.065,0.0075,0.01,0.165,0.005,0.14316392269148173,51.82534001431639,16.893342877594847,59.682539682539684,20.436287
Inf_BSA2,infusion,BSA_infused,striatum,12082,59.940407217348124,2.383711306075153,7.0269822877007115,0.3972852176791922,2.3919880814434697,12.001324284058931,3.103790763118689,0.008276775368316504,8.376096672736303,1.4318821387187552,0.0,0.008,0.0053333333,0.056,0.0026666666,0.018666666,0.20533334,0.010666667,0.42158516020236086,51.34907251264755,17.45362563237774,66.78200692041523,19.544138
Inf_BSA3,infusion,BSA_infused,striatum,11801,58.105245318193376,2.6099483094652998,7.956952800610118,0.4067451910855013,2.3472587068892468,12.524362342174392,2.8302686213032793,0.008473858147614609,7.956952800610118,1.4998728921277857,0.0,0.011976048,0.008982036,0.032934133,0.0149700595,0.005988024,0.2245509,0.011976048,0.7120253164556962,54.19303797468354,15.901898734177214,65.70397111913357,20.915426
Inf_BSA4,infusion,BSA_infused,striatum,11148,60.39648367420165,2.224614280588446,6.2612127735916765,0.6907068532472191,2.6282741298887693,10.073555794761392,4.449228561176892,0.08073196986006459,7.032651596698959,1.4711158952278436,0.0,0.024193548,0.008064516,0.012096774,0.032258064,0.006048387,0.098790325,0.006048387,2.4344569288389515,35.767790262172284,7.677902621722846,86.68941979522185,11.558326
Inf_BSA5,infusion,BSA_infused,striatum,5642,59.64197093229351,3.509393831974477,6.699751861042183,0.673520028358738,2.623183268344559,11.059907834101383,3.101736972704715,0.01772421127259837,5.565402339595888,1.6660758596242466,0.0,0.08,0.0057142857,0.034285713,0.2,0.011428571,0.10285714,0.0,0.7092198581560284,59.21985815602837,21.631205673758867,95.27027027027027,19.836538
Inf_BSA6,infusion,BSA_infused,striatum,5430,60.386740331491715,3.259668508287293,7.513812154696133,0.6629834254143646,2.6335174953959486,11.049723756906078,3.5174953959484347,0.018416206261510127,4.917127071823205,1.4917127071823204,0.0,0.06806283,0.0,0.03141361,0.09947644,0.0,0.06806283,0.005235602,0.8517887563884157,57.75127768313458,22.487223168654175,95.1048951048951,19.701666
Inf_OSM1,infusion,OSM_infused,striatum,12763,57.40813288411816,2.2095118702499414,6.05656977199718,1.4181618741675155,2.656115333385568,12.606753897986367,4.364177701167437,0.11752722714095433,9.127947974614118,1.1909425683616703,0.0,0.046678636,0.044883303,0.07540395,0.08438061,0.019748654,0.1005386,0.016157988,2.3975251353441607,51.585460170146945,22.66047950502707,91.74041297935102,14.93412
Inf_OSM2,infusion,OSM_infused,striatum,11937,56.278797017676126,2.2367429002261874,6.308117617491832,1.3152383345899303,2.7477590684426576,12.582725978051437,4.498617743151546,0.04188657116528441,9.499874340286505,1.3990114769204993,0.0,0.05586592,0.06517691,0.05772812,0.046554934,0.016759777,0.13035382,0.040968344,2.504038772213247,49.03069466882068,19.22455573505654,92.07317073170732,14.20506
Inf_OSM3,infusion,OSM_infused,striatum,11897,57.89694881062453,2.219046818525679,6.371354122888123,1.2440110952340926,2.5720769942002186,12.683869883163823,4.303605951080105,0.10927124485164327,8.598806421787005,1.2356056148608894,0.0,0.07421875,0.13671875,0.09765625,0.10546875,0.015625,0.119140625,0.02734375,5.858085808580858,48.01980198019802,22.277227722772277,94.11764705882352,14.916501
