k,setting,peak % at border,peak position (µm),width at half max (µm)
k12,L0 (no aggregation),11.265279154278163,-170.0,280.0
k12,L1,21.991831605403707,10.0,200.0
k12,L2,25.73007103393844,30.0,160.0
k12,L3,23.472770323599054,30.0,180.0
k12,L5,19.53713670613563,-10.0,280.0
k12,L3 shuffled within territory,11.321695760598503,-290.0,300.0
k24,L0 (no aggregation),6.516159446859778,-50.0,240.0
k24,L1,3.2536711776562046,-90.0,260.0
k24,L2,22.620363062352013,30.0,100.0
k24,L3,20.015785319652725,30.0,160.0
k24,L5,10.648996909538527,-50.0,280.0
k24,L3 shuffled within territory,29.846057178762177,10.0,40.0
k36,L0 (no aggregation),6.369752192795708,-30.0,340.0
k36,L1,18.97395422257301,30.0,100.0
k36,L2,23.741120757695345,30.0,100.0
k36,L3,20.263901979264844,10.0,140.0
k36,L5,24.609313338595108,30.0,160.0
k36,L3 shuffled within territory,5.454096742349456,-250.0,300.0
