sample_id,C0: Excitatory neuron | Astrocyte Gfap-high / qNSC,C1: Excitatory neuron | Neuroblast,C2: Striatal MSN | Lesion glia (Gfap+ Olig2+),C3: Excitatory neuron | Inhibitory neuron,C4: Excitatory neuron | Inhibitory neuron,C5: Excitatory neuron | Inhibitory neuron,C6: VLMC-Fibroblast | Choroid plexus,C7: Oligodendrocyte | Astrocyte Gfap-high / qNSC
Recov_Cntl1,0.0011244152611475902,0.1913823441054032,0.298759709883696,0.13376249946354235,0.16358096219046392,0.08029698296210463,0.08670872494742715,0.044384361186215186
Recov_Cntl2,0.001194161469002324,0.11142445091537069,0.3629975290043449,0.13783379109522978,0.16879013071475157,0.07825431964946768,0.0996022523722477,0.03990336477958535
Recov_CupRap1,0.001324535208554089,0.15172751501139903,0.32110747198407347,0.11224833831037473,0.15326879234498925,0.0729618212760492,0.07242397970651511,0.11493754615804515
Recov_CupRap2,0.0011795054562734415,0.14758243809717767,0.34293060434804745,0.11274884170867064,0.15420124569353225,0.07027815963206219,0.07095701169322675,0.10012219337100962
NoRecov_Cntl1,0.0010915663081795895,0.24277508365692607,0.19798507596227832,0.13497843709178103,0.15030510173040101,0.08358534795912889,0.1459477837625038,0.04333160352880124
NoRecov_Cntl2,0.001437600021699623,0.19416641802515347,0.26616395873455034,0.14660807768465023,0.16394969304075008,0.07406804640102711,0.12266616034213072,0.030940045750038427
NoRecov_Cntl3,0.0014615284998057462,0.1777607163339685,0.27783841784914803,0.14722587090448264,0.15692005994116887,0.07074537953490093,0.11522949697519101,0.052818529961334244
NoRecov_CupRap1,0.0003803554040895813,0.16846701557935737,0.1853319741966894,0.12862098344693282,0.14131724683544303,0.07201649221032132,0.15230191090555015,0.15156402142161635
NoRecov_CupRap2,0.00105010501050105,0.1587908790879088,0.3122395572890622,0.13681368136813682,0.16077441077441076,0.06881521485481881,0.09857652431909858,0.06293962729606294
NoRecov_CupRap3,0.0012455830967818067,0.1568058004838107,0.2707110968342522,0.1413277915811694,0.15219714302571802,0.07178492057768833,0.11549177587371098,0.09043588852686854
Inf_BSA1,0.04750432135591146,0.28836063818395974,0.10620592599391186,0.12709375430223488,0.1484251908280177,0.09947531855659064,0.09165098741070472,0.09128386336866902
Inf_BSA2,0.04900470802015363,0.2974064590732634,0.10150326257536962,0.12675311803089123,0.1477492359791856,0.10078467002560502,0.09226067564219047,0.08453787065334105
Inf_BSA3,0.052322924600152323,0.3016840145553017,0.09993230092239994,0.11518151815181518,0.14962342388084962,0.10005077430820004,0.09336549039519336,0.08783955318608784
Inf_BSA4,0.06678070591423345,0.3059243953661676,0.09500541968701308,0.0970970801436217,0.15280976898584106,0.11225526725831583,0.10464230065713705,0.0654850619876702
Inf_BSA5,0.08208993097848152,0.3093449722560563,0.05888821220733523,0.10622208688591149,0.13726485316010287,0.13449891730951413,0.08679286777642442,0.08489815942617404
Inf_BSA6,0.08563050811464229,0.30657584148064654,0.055638594169872505,0.09839667409930329,0.13299518920552467,0.1423962493772104,0.08507510230085026,0.09329184125195004
Inf_OSM1,0.07474015409232093,0.29171316776700595,0.08904008282798402,0.1102714767853061,0.1399066840569577,0.08357424264834411,0.10147100348254023,0.10928318833954095
Inf_OSM2,0.07865065477534432,0.3051337773763829,0.08727280424475051,0.0967345902009483,0.1434085007902461,0.07824142018514338,0.09703798825920072,0.11352026416798375
Inf_OSM3,0.08426714806742545,0.3229274449801496,0.0908790700746318,0.07355304581379478,0.13967960431205922,0.0747345324321746,0.1006024847911117,0.11335666952865288
