experiment,group1,group2,niche,n1,n2,mean1,mean2,log2FC,welch_t,p_welch,p_mwu
no_recovery,CupRap,Control,C0: Excitatory neuron | Astrocyte Gfap-high / qNSC,3,3,0.0008920145037908128,0.0013302316098949864,-0.5278156752656304,-1.5217976197615615,0.23175818126431824,0.19043026382552397
no_recovery,CupRap,Control,C1: Excitatory neuron | Neuroblast,3,3,0.16135456505035897,0.2049007393386827,-0.34450087980587096,-2.193767423379255,0.1513646674228688,0.08085559837005224
no_recovery,CupRap,Control,C2: Striatal MSN | Lesion glia (Gfap+ Olig2+),3,3,0.2560942094400013,0.2473291508486589,0.05022238657923092,0.19523233199628584,0.8560551804174623,1.0
no_recovery,CupRap,Control,C3: Excitatory neuron | Inhibitory neuron,3,3,0.135587485465413,0.14293746189363796,-0.07610537587786571,-1.3486885138263145,0.24904711945965421,0.38273308888522595
no_recovery,CupRap,Control,C4: Excitatory neuron | Inhibitory neuron,3,3,0.15142960021185728,0.15705828490410664,-0.05261868733818207,-0.8191560123544324,0.46370844222791463,0.6625205835400574
no_recovery,CupRap,Control,C5: Excitatory neuron | Inhibitory neuron,3,3,0.07087220921427616,0.07613292463168565,-0.10316001025290564,-1.3206819550996054,0.3032948526724999,0.38273308888522595
no_recovery,CupRap,Control,C6: VLMC-Fibroblast | Choroid plexus,3,3,0.12212340369945322,0.12794781369327518,-0.06716205723428312,-0.31721099137024167,0.7705506913302854,1.0
no_recovery,CupRap,Control,C7: Oligodendrocyte | Astrocyte Gfap-high / qNSC,3,3,0.10164651241484927,0.042363393080057966,1.2606877828406287,2.2001021774122487,0.14539862660663902,0.08085559837005224
recovery,CupRap,Control,C0: Excitatory neuron | Astrocyte Gfap-high / qNSC,2,2,0.0012520203324137653,0.001159288365074957,0.10250816346287614,1.152457697487235,0.40536737829190594,0.6985353583033387
recovery,CupRap,Control,C1: Excitatory neuron | Neuroblast,2,2,0.14965497655428833,0.15140339751038695,-0.016746200482852854,-0.04367489444648465,0.9721845775938245,1.0
recovery,CupRap,Control,C2: Striatal MSN | Lesion glia (Gfap+ Olig2+),2,2,0.3320190381660605,0.3308786194440204,0.0049624004491526895,0.033619078506886585,0.9777991646372071,1.0
recovery,CupRap,Control,C3: Excitatory neuron | Inhibitory neuron,2,2,0.11249859000952268,0.13579814527938605,-0.27133700481350126,-11.36025886276381,0.05224858997107409,0.2452781168067728
recovery,CupRap,Control,C4: Excitatory neuron | Inhibitory neuron,2,2,0.15373501901926073,0.16618554645260775,-0.11227881902458696,-4.70544483073312,0.12213878739457089,0.2452781168067728
recovery,CupRap,Control,C5: Excitatory neuron | Inhibitory neuron,2,2,0.07161999045405569,0.07927565130578615,-0.14632122846944995,-4.539899839237982,0.05133814233293575,0.2452781168067728
recovery,CupRap,Control,C6: VLMC-Fibroblast | Choroid plexus,2,2,0.07169049569987093,0.09315548865983742,-0.37739578018511005,-3.308233022315287,0.18182809854604556,0.2452781168067728
recovery,CupRap,Control,C7: Oligodendrocyte | Astrocyte Gfap-high / qNSC,2,2,0.10752986976452739,0.042143862982900265,1.3492648416753337,8.448798693849053,0.05318893891492853,0.2452781168067728
infusion,OSM_infused,BSA_infused,C0: Excitatory neuron | Astrocyte Gfap-high / qNSC,3,6,0.07921931897836358,0.06388884983059577,0.309851756026033,2.057557227417896,0.08295973339456027,0.3661565601940605
infusion,OSM_infused,BSA_infused,C1: Excitatory neuron | Neuroblast,3,6,0.3065914633745128,0.30154938681923255,0.023915360650604532,0.526812972854008,0.6414484146233518,0.897278961260083
infusion,OSM_infused,BSA_infused,C2: Striatal MSN | Lesion glia (Gfap+ Olig2+),3,6,0.08906398571578877,0.08619561925931706,0.04717378410016369,0.3073452403948781,0.7706794157800038,0.5186050164287256
infusion,OSM_infused,BSA_infused,C3: Excitatory neuron | Inhibitory neuron,3,6,0.09351970426668306,0.11179070526896297,-0.25720608412892865,-1.5183731260955489,0.22361256647464256,0.1555803477921979
infusion,OSM_infused,BSA_infused,C4: Excitatory neuron | Inhibitory neuron,3,6,0.14099826305308769,0.1448112770065869,-0.03846964171176001,-1.1177881560604017,0.3049936798707113,0.5186050164287256
infusion,OSM_infused,BSA_infused,C5: Excitatory neuron | Inhibitory neuron,3,6,0.07885006508855402,0.11491019947257268,-0.5427494490614844,-4.413195496210776,0.004543713906634346,0.028185802147907377
infusion,OSM_infused,BSA_infused,C6: VLMC-Fibroblast | Choroid plexus,3,6,0.09970382551095087,0.09229790403041671,0.11123498988581652,2.3754340548805497,0.05081444848186264,0.1555803477921979
infusion,OSM_infused,BSA_infused,C7: Oligodendrocyte | Astrocyte Gfap-high / qNSC,3,6,0.11205337401205918,0.08455605831231537,0.40578780126540254,6.3999172274300475,0.000674266507298911,0.028185802147907377
