niche_cc,Astrocyte,Astrocyte Gfap-high / qNSC,Choroid plexus,Endothelial,Ependymal,Excitatory neuron,Inhibitory neuron,Lesion glia (Gfap+ Olig2+),Microglia,Neuroblast,Neuron (other),OPC,Oligodendrocyte,Pericyte-VSMC,Striatal MSN,VLMC-Fibroblast,experiment,condition
C0: Excitatory neuron | Astrocyte Gfap-high / qNSC,0.00819672131147541,0.1448087431693989,0.0,0.030054644808743168,0.0,0.5628415300546448,0.07650273224043716,0.01366120218579235,0.07923497267759563,0.00546448087431694,0.00273224043715847,0.0546448087431694,0.00819672131147541,0.01092896174863388,0.0,0.00273224043715847,no_recovery,CupRap
C1: Excitatory neuron | Neuroblast,0.14671826530298843,0.0020731594950704874,0.0,0.06308547559814491,0.003117417611105992,0.16944623606376116,0.008231211032279862,0.07781258638164563,0.06406830676617832,0.0788261310236801,0.3085168463404896,0.045563438680549156,0.00844620535028717,0.014097484566479315,0.0003839184250130532,0.009613317362326852,no_recovery,CupRap
C2: Striatal MSN | Lesion glia (Gfap+ Olig2+),0.0861697794844941,0.001987936618762243,0.0,0.08189329144120557,0.0013576152518376293,0.0004363763309478094,0.02685169023098854,0.04596497352650259,0.05948294253408584,0.00015515602878144334,0.05008630554100968,0.023302496072613022,0.002511588215899614,0.014604061209053354,0.6034502821900274,0.0017455053237912376,no_recovery,CupRap
C3: Excitatory neuron | Inhibitory neuron,0.0977551838489851,5.466273095003826e-05,0.0,0.10968988010641012,0.0,0.5995043912393864,0.08957399511679603,0.0027877992784519513,0.033927335009657084,0.0,0.0004008600269669473,0.011224080755074523,0.0070150504719215774,0.0220473014831821,0.0,0.026019459932218214,no_recovery,CupRap
C4: Excitatory neuron | Inhibitory neuron,0.09721039879510182,0.004583851745137843,0.0,0.09488573112435335,0.00021282168816711414,0.5555464606116168,0.08756793923122258,0.032283413005042234,0.06867592168161875,3.274179817955602e-05,0.003094099927968044,0.029582214655228867,0.002668456551633816,0.017222185842446468,0.0001309671927182241,0.006302796149564534,no_recovery,CupRap
C5: Excitatory neuron | Inhibitory neuron,0.102880658436214,0.000697495989398061,0.0,0.09458045616237706,0.00017437399734951525,0.5789565459998605,0.10884424914556741,0.005440468717304876,0.04244263095487201,0.00010462439840970915,0.0042547255353281715,0.04101276417660599,0.005893841110413615,0.012345679012345678,6.97495989398061e-05,0.002301736765013601,no_recovery,CupRap
C6: VLMC-Fibroblast | Choroid plexus,0.07940807827598755,0.010936805078235556,0.1308777746330813,0.05674604779040149,0.17961832369708486,0.010229248372619577,0.010471839243116484,0.044939958759552014,0.034670278575182956,0.0038005903044515425,0.025573120931548943,0.018659281122387093,0.01859863340476287,0.01637488375854122,0.032102858529090686,0.3269922775239558,no_recovery,CupRap
C7: Oligodendrocyte | Astrocyte Gfap-high / qNSC,0.03292869084829542,0.05085895665237091,0.0,0.033655593516028204,0.011145840905236123,0.0004603716895641007,0.0002665309781686899,0.15146228586658914,0.5433839742191854,0.006033292142182162,0.0002907610670931162,0.07087301010394709,0.09486079813912918,0.0018899469361052556,0.0,0.0018899469361052556,no_recovery,CupRap
C0: Excitatory neuron | Astrocyte Gfap-high / qNSC,0.01366742596810934,0.1571753986332574,0.0,0.05922551252847381,0.0,0.4533029612756264,0.05011389521640091,0.0,0.018223234624145785,0.002277904328018223,0.002277904328018223,0.04555808656036447,0.17312072892938496,0.018223234624145785,0.0,0.00683371298405467,no_recovery,Control
C1: Excitatory neuron | Neuroblast,0.1461091616784124,0.006177572022528234,1.474360864565211e-05,0.06258661870079321,0.000810898475510866,0.2021348745318904,0.006531418630023884,0.0003391029988499985,0.03374812018989768,0.06447380060743668,0.26093238581075107,0.04098723203491286,0.14895467814702326,0.016675021378232537,0.0001769233037478253,0.009347447881343438,no_recovery,Control
C2: Striatal MSN | Lesion glia (Gfap+ Olig2+),0.08437293203597951,0.0023896473125658685,1.225460160290189e-05,0.07824563123452856,0.00029411043846964535,0.000441165657704468,0.02405578294649641,0.00039214725129286046,0.03856523124433225,7.352760961741134e-05,0.04963113649175265,0.023185706232690374,0.10920075488345873,0.01569814465331732,0.5719222568074311,0.0015195705987598343,no_recovery,Control
C3: Excitatory neuron | Inhibitory neuron,0.0759048647732808,6.353643814727746e-05,2.1178812715759155e-05,0.10553402376262787,0.0,0.5821632039307877,0.08615541012770823,2.1178812715759155e-05,0.02901497342059004,0.0,0.00021178812715759156,0.012622572378592456,0.06220217294618464,0.024588601562996377,0.0,0.021496494906495543,no_recovery,Control
C4: Excitatory neuron | Inhibitory neuron,0.07811777400955758,0.002485740712193618,0.0,0.08721288731308771,5.780792353938646e-05,0.5281909973793741,0.0808540157237552,9.634653923231077e-05,0.0371704948358255,5.780792353938646e-05,0.0025242793278865425,0.02930861723446894,0.13103129335594266,0.018036072144288578,3.853861569292431e-05,0.004817326961615539,no_recovery,Control
C5: Excitatory neuron | Inhibitory neuron,0.09935668334524661,0.0005956635692161067,0.0,0.08756254467476769,0.00011913271384322135,0.5881979191485982,0.09625923278532285,3.9710904614407116e-05,0.04701771106345803,7.942180922881423e-05,0.006592010165991581,0.04169644984512747,0.019339210547216264,0.011635295052021285,7.942180922881423e-05,0.0014295925661186562,no_recovery,Control
C6: VLMC-Fibroblast | Choroid plexus,0.09304138321995464,0.01660525321239607,0.14897486772486773,0.05366591080876795,0.16347789115646258,0.009755291005291005,0.010156840513983372,0.0013227513227513227,0.02293556311413454,0.00486583522297808,0.026006235827664398,0.018542139077853365,0.06167328042328042,0.0174083522297808,0.029265873015873016,0.3223025321239607,no_recovery,Control
C7: Oligodendrocyte | Astrocyte Gfap-high / qNSC,0.05273703041144902,0.0748479427549195,0.0,0.04042933810375671,0.0037209302325581397,0.00014311270125223614,7.155635062611807e-05,0.002075134168157424,0.04844364937388193,0.0,0.00014311270125223614,0.03856887298747764,0.7354561717352415,0.0027191413237924868,0.0,0.0006440071556350626,no_recovery,Control
C0: Excitatory neuron | Astrocyte Gfap-high / qNSC,0.013157894736842105,0.20723684210526316,0.0,0.046052631578947366,0.0,0.4276315789473684,0.023026315789473683,0.0,0.13157894736842105,0.0,0.003289473684210526,0.02631578947368421,0.11513157894736842,0.0,0.0,0.006578947368421052,recovery,CupRap
C1: Excitatory neuron | Neuroblast,0.14046785881574958,0.010001928746590252,0.0,0.059212520320723,0.0003306422726145538,0.07373322679304549,0.0020940677265588407,0.0011572479541509383,0.10051525087482435,0.20119582288595597,0.26528531672774364,0.044361171575785965,0.0848648499710688,0.011544926018791502,0.0002479817044609153,0.004987187611936186,recovery,CupRap
C2: Striatal MSN | Lesion glia (Gfap+ Olig2+),0.06936603079065834,0.005397070161912105,0.0,0.06473997065187653,0.00038550501156515033,0.0006217822767179844,0.02116546869948019,0.0006963961499241426,0.1524858855423185,0.0005222971124431069,0.05873355385878081,0.02784341035143134,0.049991295048125946,0.010980675006839606,0.5359638868853682,0.0011067724525580123,recovery,CupRap
C3: Excitatory neuron | Inhibitory neuron,0.08012467913458013,0.00011001100110011001,0.0,0.11276127612761276,0.0,0.5894756142280895,0.08324165749908324,7.334066740007334e-05,0.042024202420242025,0.0,0.00011001100110011001,0.011881188118811881,0.04283094976164283,0.022588925559222588,0.0,0.014778144481114778,recovery,CupRap
C4: Excitatory neuron | Inhibitory neuron,0.07103179927545955,0.007835770830538038,0.0,0.07972628471756339,0.0,0.4789749094324433,0.07508385884878573,0.0009123842747886757,0.19731651683885684,2.683483161143164e-05,0.0013954112437944452,0.03298000805044948,0.037300415939889975,0.012505031530927144,5.366966322286328e-05,0.004857104521669126,recovery,CupRap
C5: Excitatory neuron | Inhibitory neuron,0.11271659662656151,0.000287836048586725,0.0,0.09751885326118243,5.7567209717345e-05,0.5813136837257498,0.09596453859881411,0.000287836048586725,0.05198319037476253,0.0,0.00264809164699787,0.03407978815266824,0.0092107535547752,0.012607218928098555,5.7567209717345e-05,0.00126647861378159,recovery,CupRap
C6: VLMC-Fibroblast | Choroid plexus,0.09882650713299586,0.03071790151863783,0.011619880349746894,0.07386102162908421,0.12419466175793833,0.009261389783709158,0.012022549470777726,0.00373907040957202,0.05033364012885412,0.00931891394385642,0.03393925448688449,0.02082374597330879,0.031235618959963185,0.01771744132535665,0.02962494247583985,0.44276346065347444,recovery,CupRap
C7: Oligodendrocyte | Astrocyte Gfap-high / qNSC,0.018608569131217216,0.09664203392426389,0.0,0.026304705747214458,0.0014932802389248383,0.0006509170272236475,0.0005743385534326301,0.0007274955010146647,0.5656468966573496,0.00011486771068652602,0.001301834054447295,0.05153731286135467,0.2322242217712601,0.0029865604778496766,3.8289236895508674e-05,0.0011486771068652602,recovery,CupRap
C0: Excitatory neuron | Astrocyte Gfap-high / qNSC,0.007662835249042145,0.18007662835249041,0.0,0.04597701149425287,0.0,0.4061302681992337,0.034482758620689655,0.007662835249042145,0.019157088122605363,0.0038314176245210726,0.0038314176245210726,0.02681992337164751,0.24904214559386972,0.007662835249042145,0.0,0.007662835249042145,recovery,Control
C1: Excitatory neuron | Neuroblast,0.1540070293664856,0.002265663578005635,0.0,0.0702065239492259,0.00026142272053911175,0.07128126180033113,0.0025561332674935372,0.00023237575159032155,0.030731693147820024,0.2233421442472478,0.267754959769948,0.03723821419234903,0.12080634385801842,0.013303511778545909,0.00017428181369274115,0.0058384407587068286,recovery,Control
C2: Striatal MSN | Lesion glia (Gfap+ Olig2+),0.08495237070125397,0.0014530972498789086,0.0,0.07457887088961843,9.418222915881814e-05,0.0006458209999461816,0.025079382164576718,0.00013454604165545449,0.03395942091383671,0.0006054571874495453,0.0551504224745708,0.021931004789839083,0.09502986922124751,0.01318551208223454,0.5924734944297939,0.0007265486249394543,recovery,Control
C3: Excitatory neuron | Inhibitory neuron,0.07911340678021511,0.0,0.0,0.11961816339206904,0.0,0.5789009120925823,0.08411520481218739,0.0,0.025695511458367386,0.0,3.269149040504757e-05,0.012193925921082743,0.05802739546895943,0.024812841217431103,0.0,0.017489947366700447,recovery,Control
C4: Excitatory neuron | Inhibitory neuron,0.08081104907434616,0.002644725242433147,0.0,0.0995378409424839,5.342879277642722e-05,0.5190340074266022,0.0795020436513237,0.00010685758555285444,0.034434856944407344,5.342879277642722e-05,0.0010151470627521172,0.025218390190473648,0.13504127374241978,0.018700077471749527,0.0,0.0038468730799027595,recovery,Control
C5: Excitatory neuron | Inhibitory neuron,0.11413225914736488,0.00027973592928275706,0.0,0.10215956137406289,5.594718585655141e-05,0.5635000559471859,0.09594942374398567,5.594718585655141e-05,0.0454850621013763,0.00016784155756965425,0.005259035470515833,0.03871545261273358,0.02014098690835851,0.013371377419715788,0.0,0.0007273134161351684,recovery,Control
C6: VLMC-Fibroblast | Choroid plexus,0.09835282883743136,0.019766053950823585,0.002005251850083552,0.06956314156123179,0.12637861064693245,0.0071616137502984005,0.011888278825495344,0.001384578658391024,0.02687992360945333,0.007877775125328241,0.0294103604678921,0.018667939842444498,0.05481021723561709,0.019670565767486273,0.0325614705180234,0.4736213893530676,recovery,Control
C7: Oligodendrocyte | Astrocyte Gfap-high / qNSC,0.00651602732527588,0.10352075669994745,0.0,0.03836048344718865,0.002837624802942722,0.0,0.0,0.00010509721492380452,0.031108775617446138,0.0,0.00031529164477141355,0.029637414608512873,0.7816079873883343,0.0059905412506568575,0.0,0.0,recovery,Control
C0: Excitatory neuron | Astrocyte Gfap-high / qNSC,0.0012445550715619166,0.1135804664118292,0.0,0.1147953892197825,2.9632263608617062e-05,0.2572376803864047,0.0350846001126026,0.005393071976768305,0.1443091237739651,0.00017779358165170237,0.2278721071502652,0.03724775535603165,0.05022668681660592,0.004059620114380538,0.0,0.008741517764542033,infusion,OSM_infused
C1: Excitatory neuron | Neuroblast,0.12253427331389073,0.002227478356718029,0.0,0.10936842185837524,0.0009185477759661975,0.22759317519002456,0.054844956789981705,0.0008649658223681692,0.07687479428357101,0.0001377821663949296,0.15037392549046624,0.03739254904662395,0.19062928177218486,0.013341906445909019,0.0001301276015952113,0.012767814085930144,infusion,OSM_infused
C2: Striatal MSN | Lesion glia (Gfap+ Olig2+),0.059978419348895966,0.011685133036818696,0.0,0.08311182461773298,0.00013158933600021055,0.00013158933600021055,0.022291233518435666,0.000947443219201516,0.04347711661446956,0.0,0.05160933757928257,0.026633681606442614,0.13061557491380898,0.011211411427217939,0.5574124272968919,0.0007632181488012211,infusion,OSM_infused
C3: Excitatory neuron | Inhibitory neuron,0.05309580166936589,0.007051202192599975,2.4915908807773765e-05,0.10910676466924131,2.4915908807773765e-05,0.590531954653046,0.07846019683567958,0.000423570449732154,0.03503176778372991,0.0,0.00024915908807773764,0.011934720318923633,0.06640089697271707,0.020505792948797806,0.0,0.027158340600473403,infusion,OSM_infused
C4: Excitatory neuron | Inhibitory neuron,0.039588492413036615,0.023483853811763534,0.0,0.1015639282687098,6.64794163107248e-05,0.5072878060130632,0.07161495122072828,0.0006647941631072479,0.0604630291346042,1.66198540776812e-05,0.0023101597167976863,0.028685868138077747,0.1462048563213615,0.013678139905931625,0.00011633897854376839,0.004254682643886387,infusion,OSM_infused
C5: Excitatory neuron | Inhibitory neuron,0.06649062425824828,0.007387847139805365,0.0,0.07853667220507951,8.901020650367908e-05,0.6238428673154521,0.0905530500830762,0.00047472110135295516,0.048421552338001425,2.9670068834559697e-05,0.006230714455257537,0.03809636838357465,0.028957987182530263,0.009464751958224544,2.9670068834559697e-05,0.0013944932352243056,infusion,OSM_infused
C6: VLMC-Fibroblast | Choroid plexus,0.05769004817295265,0.045024086476324755,0.05931147926213136,0.08064857243567149,0.08156503348607684,0.017224767947362236,0.010574550581600282,0.005616261308894372,0.06981553283985431,7.049700387733522e-05,0.02006814710374809,0.026718364469510047,0.08621783574198097,0.01205498766302432,0.01325343672893902,0.4141463987780519,infusion,OSM_infused
C7: Oligodendrocyte | Astrocyte Gfap-high / qNSC,0.040656190496118516,0.07679270155468602,0.0,0.070724613420937,0.004352283902826892,0.0,0.00014647109288359734,0.0015902575798790568,0.11173651942834426,0.0,0.0,0.04500847439894541,0.6431545688518758,0.002155217509572932,0.0,0.003682701763930447,infusion,OSM_infused
C0: Excitatory neuron | Astrocyte Gfap-high / qNSC,0.0037498383690358172,0.11749493556312228,0.0,0.059415542433515794,0.00021550795224343778,0.3105685099780182,0.04241196500150855,0.0020904271367613463,0.038942286970389206,0.00017240636179475022,0.33860609456488944,0.030041808542735228,0.039890521960260335,0.011723632602043016,0.0,0.0046765225636825995,infusion,BSA_infused
C1: Excitatory neuron | Neuroblast,0.13155306204233305,0.0005282523953513789,1.3661699879777041e-05,0.08598218514335677,0.00018215599839702722,0.3091414987795548,0.04981966556158694,0.0002368027979161354,0.029869029837152537,0.0003051112973150206,0.15149914386680755,0.03401763270064483,0.1738542387700827,0.021070895114576122,0.00013206309883784473,0.011794600896207512,infusion,BSA_infused
C2: Striatal MSN | Lesion glia (Gfap+ Olig2+),0.06980326150816965,0.005382917573082236,0.0,0.07018435301776839,0.0001746669418994236,0.0002540610063991616,0.02620004128491354,0.0002223033805992664,0.03299617320609111,1.58788128999476e-05,0.06894580561157247,0.02534258538831637,0.11805897391111041,0.013354081648855931,0.5680168950569255,0.0010480016513965415,infusion,BSA_infused
C3: Excitatory neuron | Inhibitory neuron,0.06475595566170617,8.573703227386858e-05,1.224814746769551e-05,0.09671137240492375,1.224814746769551e-05,0.614844754730847,0.0881376691775369,8.573703227386858e-05,0.02567211709228979,1.224814746769551e-05,0.00019597035948312817,0.012542103006920203,0.05081756384346867,0.021605732133014883,1.224814746769551e-05,0.024496294935391023,infusion,BSA_infused
C4: Excitatory neuron | Inhibitory neuron,0.06162170357525277,0.0056286778292634395,0.0,0.08188115340516057,7.580710881162882e-05,0.5482938662573082,0.08407008367209635,0.00034113198965232965,0.0372307663151112,9.475888601453602e-06,0.002615345254001194,0.02910045389506401,0.12748860524395675,0.01710397892562375,8.528299741308241e-05,0.004453667642683193,infusion,BSA_infused
C5: Excitatory neuron | Inhibitory neuron,0.08343498122503647,0.0013154433043935806,3.587572648346129e-05,0.0794168998588888,1.1958575494487097e-05,0.6074597593934611,0.09938772093468226,0.00020329578340628064,0.04266819736432996,4.783430197794839e-05,0.00972232187701801,0.04102987252158523,0.021477601588098826,0.012102078400420942,0.00017937863241730646,0.0015067805123053742,infusion,BSA_infused
C6: VLMC-Fibroblast | Choroid plexus,0.10200833085391253,0.029425766141029455,0.07436774769413865,0.07402558762273133,0.07860755727462065,0.025557869681642368,0.015917881582862243,0.004626599226420708,0.0334721808985421,0.00022314787265694734,0.026881880392740257,0.024248735495388276,0.08802439750074383,0.02182386194584945,0.016944361797084202,0.38384409401963704,infusion,BSA_infused
C7: Oligodendrocyte | Astrocyte Gfap-high / qNSC,0.04857309448997441,0.07868225843024197,0.0,0.04985261248420848,0.00458358977681319,3.239286061352078e-05,8.098215153380195e-05,0.0007288393638042176,0.051990541284700854,1.619643030676039e-05,3.239286061352078e-05,0.03930873635450747,0.7203362378931684,0.0046159826374267115,0.0,0.001166142982086748,infusion,BSA_infused
