,Oligodendrocyte,OPC,Astrocyte,Astrocyte Gfap-high / qNSC,NSC (activated)-TAP,Neuroblast,Microglia,Microglia activated / DAM,Endothelial,Pericyte-VSMC,VLMC-Fibroblast,Ependymal,Choroid plexus,Excitatory neuron,Inhibitory neuron,Striatal MSN,T cell-lymphocyte,Neuron (other)
0,-0.5148421,-0.47547865,-0.48205295,-0.32232383,0.31398642,0.08981538,4.645719,1.6327664,-0.32338452,0.026408514,-0.09808575,-0.3737278,-0.06918686,-0.33199912,-0.79340726,-0.41614962,0.8687764,-0.47906226
1,3.12152,2.0461104,-0.7967787,0.14857398,0.08408913,-0.22065818,-0.9588599,-0.1096206,-0.6864056,-0.37011632,0.112564825,-0.14849284,-0.07587004,-0.8974798,-1.3244896,-0.74490875,-0.18383653,-0.79405767
2,-0.8355562,-0.9671643,-1.4710103,-0.43970165,0.27302268,0.7426459,-1.038751,-0.02135949,-0.37008393,-0.29206795,0.06078659,-0.09004817,0.0539425,1.9313964,-2.1248672,0.13308096,0.055275816,1.3887773
3,-1.041999,0.29321793,2.3468387,1.2541413,0.63004607,-0.05962302,-0.7659686,-0.19206493,-0.5460875,-0.00758636,0.38444433,0.09178826,0.013441516,0.040433634,-1.3836361,-0.63132507,-0.17030436,-0.40005028
4,-0.42436185,-0.12911233,0.39345694,0.030912956,0.037482113,0.5489864,-0.39890027,-0.0957948,-0.22019918,-0.3229315,-0.07664646,-0.22079928,-0.06514183,-0.023778984,0.49986693,0.8517254,-0.09683348,0.87749976
5,-0.16034116,-0.2641559,0.4386604,-0.3256849,-0.043060016,0.47301033,-0.5481942,-0.114943035,-0.36616358,-0.3270059,-0.096152246,-0.22027469,-0.07928941,1.0177692,-0.77064925,0.022552708,-0.06238372,0.9471765
6,-0.9470348,-0.2520775,0.7840948,1.2335582,2.343551,3.11955,-1.0404941,0.2728077,-0.4745222,0.279821,0.075032584,2.1463516,0.11344105,-0.9598346,0.0956676,0.27731642,0.102860406,0.6339512
7,-0.8363735,-0.98843646,-1.2364932,-0.754237,0.28451502,0.97868854,-1.0475136,0.0075136647,-0.48115382,-0.33037362,0.03242408,-0.002277841,0.04123059,2.2104452,-2.0972636,-0.041707676,0.16848487,2.1297164
8,0.09464097,-0.33914366,0.4142119,0.587897,0.044443756,-0.012748707,-0.5064705,0.29545584,-0.43997273,-0.24163719,0.053413514,-0.079567604,-0.019604933,0.56585026,-0.7652409,-0.0708937,0.004437372,0.31212422
9,-0.61975133,-0.1819117,-0.3714541,-0.20425832,0.95239234,1.0417804,-0.70790654,0.34184885,-0.22684695,-0.007212619,0.22334737,-0.082365476,0.36634922,0.7834685,0.6396402,1.6981002,0.19450483,1.2447133
10,-0.8805116,1.196381,1.8594409,1.629167,0.26538086,-0.051128194,0.13046987,0.40979052,1.0965734,3.1315992,2.438154,0.026730577,0.42273134,-0.3727806,-1.7143869,-0.29171488,-0.03600917,-0.99034774
11,0.3080428,-0.19384418,1.4405308,1.8817791,-0.05368434,-0.137119,-0.7618783,0.13106005,-0.7903883,-0.121066146,0.5039682,0.1812216,-0.11484375,-0.9114189,-1.6734548,-0.9567391,-0.14818108,-1.0083575
12,1.2590929,3.7556736,-0.3898039,0.88601226,0.7034715,-0.19260298,-0.8858679,-0.040285602,-0.6859892,-0.18451975,0.09132173,-0.24372037,0.198401,-0.5519778,-0.88338333,-0.41824868,-0.09636241,-0.568386
13,0.57921463,0.114513166,-0.25060144,0.14765052,0.017314285,0.0634724,-0.3890225,-0.00431955,-0.57935995,-0.23010026,0.0803433,-0.2840291,-0.09497689,-0.38165712,-0.96061254,-0.41541433,-0.15942317,-0.413277
14,-0.91561747,-0.8658677,-1.6950339,-0.51578945,0.25937605,0.600895,-0.8317961,0.06207223,-0.21362466,-0.30077896,0.010822224,-0.17494757,0.04860934,-0.1821646,0.45123363,1.3514522,0.011708308,1.418694
15,-0.38961506,-0.9024257,-0.823982,-0.12711154,0.14138883,0.6123036,-0.744441,0.040849138,0.29302928,-0.33435392,0.049078777,-0.17658041,0.016112711,-0.47809544,-0.29237345,0.48506054,-0.07595579,0.8223251
16,-0.8694636,-0.98991865,-1.3388882,-0.5887756,0.13852577,0.49109206,-0.9740734,-0.04777025,0.17392142,-0.3931754,-0.05373856,-0.20998318,-0.038594697,-0.6200029,0.3862454,1.113945,-0.04379645,1.0758035
17,-0.031646013,0.25009415,1.1268231,0.009307872,0.0207809,-0.033932205,-0.44812784,-0.14571145,-0.45963433,-0.31810138,-0.08272865,-0.30007553,-0.09450184,-0.46480548,-0.025148174,-0.12895842,-0.19636904,-0.06995872
18,0.44888854,0.38305306,0.12989192,0.7295179,-0.026042165,-0.28003722,1.9079146,3.1123598,-0.5978943,-0.269553,0.08685974,-0.16415298,-0.055863157,-0.86737496,-2.0132668,-0.9356144,0.6253221,-1.1621319
19,-0.7394771,-0.7156434,-1.1095656,-0.42960644,0.31363297,1.5925516,-1.1318656,0.40818548,-0.37634277,-0.27471724,0.04527022,-0.042321682,0.03784113,-0.3703359,1.9061037,1.4368677,0.04824681,1.7462149
20,-0.69221973,-0.19700618,-0.24829818,1.4696687,-0.059777945,-0.24612743,-0.6924655,-0.12405375,3.3189366,1.190052,0.8894527,-0.34107885,0.024793217,-0.75524926,-1.2880149,-0.079633795,-0.23367138,-0.8888347
21,-0.7401273,-0.83063763,-1.4144918,-0.4017446,0.7585583,1.3072449,-1.0469536,0.51876056,-0.44218364,-0.20771648,0.04236884,-0.1148411,0.07927442,1.6372567,-2.4635215,0.016020993,0.32035872,1.8013116
22,-0.83755946,-0.16486526,-0.2883043,-0.5920153,0.5462372,1.2838407,-1.6707668,0.8551019,-0.15261905,-0.5246711,-0.15507646,0.05865532,0.018301979,0.48986152,-0.6072561,1.8441275,0.06534428,1.1521914
23,-0.14005037,-0.4076074,-1.2090735,0.068892986,0.94025755,1.2543651,-1.0801743,0.5523115,-0.02928459,-0.096393265,0.17145748,-0.023508668,0.2944818,1.7225424,-2.1677358,0.634522,-0.39542153,1.57433
