leiden,cell_type,top_set_score,margin,n_cells,top1,top2,top3,top4,top5,top6,top7,top8,sample_entropy_norm,frac_CupRap
0,Microglia,4.645719,3.0129528,8342,Csf1r,Cx3cr1,Tmem119,Trem2,Tgfbr2,Ifngr1,Mertk,Tgfb1,0.8541100638710872,0.21781347398705347
1,Oligodendrocyte,3.12152,1.0754097,29738,Mag,Sox10,Olig1,Mog,Efnb3,Olig2,Mbp,Ddr1,0.9564422889808281,0.36855202098325374
2,Excitatory neuron,1.9313964,1.1887505,40562,Neurod2,Satb2,Rbfox3,Cux2,Cx3cl1,Sema7a,Nr4a1,Sema4f,0.9725970732217563,0.5969133671909669
3,Astrocyte,2.3468387,1.0926974,28124,Gja1,Fam107a,Fads2,Gjb6,Aldoc,Fgfr3,Vegfa,Mertk,0.8968268209499021,0.2813966718816669
4,Striatal MSN,0.8517254,0.30273902,35593,Nsg2,Gad1,Gabbr1,Gad2,Cx3cl1,Rbfox3,2900052N01Rik,Sp9,0.8425987873534839,0.21532323771528109
5,Excitatory neuron,1.0177692,0.5447589,60347,Baalc,Rbfox3,Mbp,Sema7a,Stmn2,Neurod2,Tbr1,Fam107a,0.9330515559983775,0.29219348103468273
6,Neuroblast,3.11955,0.77599907,3018,Sox1,Ddr1,Plxnb2,Fads2,Foxj1,Notch1,Notch2,Dlx2,0.922925206248961,0.35155732273028495
7,Excitatory neuron,2.2104452,1.2317567,22158,Neurod2,Satb2,Tbr1,Elavl4,Stmn2,Cx3cl1,Fezf2,Tubb3,0.8087382364794379,0.1541204079790595
8,Unassigned,0.587897,0.022046745,48603,Gfap,Mbp,Neurod2,Rbfox3,Tbr1,Fezf2,Stmn4,Lyz2,0.6779137997001132,0.9006028434458778
9,Striatal MSN,1.6981002,0.65631986,3263,Sox1,Cux2,Gabbr1,Fstl1,Dpysl5,Gad2,Ntrk3,Cx3cl1,0.7135417763008352,0.11461844927980386
10,Pericyte-VSMC,3.1315992,0.6934452,18456,Gfap,Timp3,Axl,Itih5,Il6st,Notch2,Notch3,Nes,0.9162364220665408,0.3094928478543563
11,Astrocyte Gfap-high / qNSC,1.8817791,0.4412483,21676,Gfap,Mbp,C4b,Gja1,Aqp4,Thbs4,Gas1,Foxj1,0.896001717675782,0.7138309651227164
12,OPC,3.7556736,2.4965806,12496,Olig1,Sox10,Olig2,Gpr17,Pdgfra,Cspg4,Kank1,Sema5b,0.9612088009092516,0.49167733674775926
13,Unassigned,0.57921463,0.4315641,3446,Mbp,Il6,Shisa3,Gsx2,Nodal,tdTomato,Epha1,Thbs4,0.9700633202650162,0.4840394660475914
14,Striatal MSN,1.3514522,0.75055724,30844,Nsg2,Cx3cl1,Gad2,Robo1,Efnb2,Gad1,Gabbr1,Slit3,0.7539373429962335,0.15520036311762417
15,Neuron (other),0.6123036,0.12724307,18581,Slit3,Nsg2,Ntrk3,Efnb2,Cx3cl1,Grasp,Gfap,Plxna2,0.39865857701676866,0.9662020343361498
16,Striatal MSN,1.113945,0.6228529,20758,Cx3cl1,Gad1,Tgfa,Nsg2,Slit3,Nr4a1,Gad2,Gabbr1,0.7199550435021398,0.10819924848251276
17,Astrocyte,1.1268231,0.8767289,87373,Aldoc,Mbp,Fam107a,S100b,Fads2,Nacc2,Baalc,Gja1,0.7551936390841582,0.12905588683002758
18,Microglia activated / DAM,3.1123598,1.2044451,22283,Axl,Trem2,Gfap,Tgfbr2,Csf1r,Lyz2,Mbp,Tgfb1,0.5257252073918747,0.9831710272404972
19,Inhibitory neuron,1.9061037,0.31355214,36188,Gad1,Gad2,Sema4g,Tubb3,Dpysl5,Adcyap1r1,Stmn2,Dlx2,0.9143535363611035,0.36103128108765337
20,Endothelial,3.3189366,1.8492678,28165,Acvrl1,Pecam1,Igf1r,Sema7a,Tie1,Notch1,Esam,Nes,0.951245223064002,0.3959524232203089
21,Excitatory neuron,1.6372567,0.33001184,3981,Stmn2,Nacc2,Robo2,Grasp,Tubb3,Tbr1,Elavl4,Epha7,0.8228393302133797,0.2858578246671691
22,Striatal MSN,1.8441275,0.5602869,128,Gad1,Tubb3,Rbfox3,Grasp,Robo2,Efnb3,Plxna2,Cbx2,0.19555726869871853,0.03125
23,Excitatory neuron,1.7225424,0.46817732,460,Nsg2,Rbfox3,Bmpr2,Jag2,Ntrk3,Efnb2,Sema7a,Slit3,0.32507915466510384,0.9608695652173913
