niche_k12,Astrocyte,Astrocyte Gfap-high / qNSC,Choroid plexus,Endothelial,Ependymal,Excitatory neuron,Inhibitory neuron,Lesion glia (Gfap+ Olig2+),Microglia,Neuroblast,Neuron (other),OPC,Oligodendrocyte,Pericyte-VSMC,Striatal MSN,VLMC-Fibroblast,experiment,condition
N0: Oligodendrocyte | Astrocyte Gfap-high / qNSC,0.07280785058562836,0.06278358130209982,0.0,0.08272660124511977,0.01398121768492139,0.030231085786641344,0.025271710456895642,0.2902817347261792,0.16487285005803523,0.01403397699693996,0.017463332278147094,0.05286483064260842,0.09749920861031972,0.01403397699693996,0.038356019837501316,0.022792022792022793,no_recovery,CupRap
N1: Excitatory neuron | Inhibitory neuron,0.0975782127487727,0.002019207713373465,0.0,0.0920001514405785,0.0005048019283433663,0.5883340274359848,0.08538724617928041,0.01855147086661871,0.04809500372291422,0.0029152311361829403,0.0071050871414328805,0.024457653428236095,0.005628541501028534,0.0173651863350118,7.572028925150494e-05,0.009982458132990068,no_recovery,CupRap
N2: Striatal MSN | Lesion glia (Gfap+ Olig2+),0.08650102864377275,0.0011394207944294982,3.165057762304162e-05,0.0848762989924566,0.0019517856200875665,0.0005486100121327214,0.026997942712454502,0.04001688030806562,0.05381653215171177,3.165057762304162e-05,0.00825025056707285,0.02195495067784987,0.0018040829245133724,0.016173445165374268,0.6461148915967716,0.009790578678060874,no_recovery,CupRap
N3: Neuron (other) | Astrocyte,0.1318994344218305,0.00020641539033150312,0.0,0.05573215538950584,0.0010733600297238163,0.059654047805804404,0.008999711018453536,0.04025100111464311,0.04900301366469884,0.008132766379061223,0.5634314494488709,0.040952813441770215,0.003178797011105148,0.01259133881022169,0.015770135821326837,0.009123560252652438,no_recovery,CupRap
N4: VLMC-Fibroblast | Astrocyte Gfap-high / qNSC,0.062136627906976744,0.0070598006644518275,0.0006229235880398671,0.046875,0.002180232558139535,0.022165697674418606,0.014327242524916944,0.020504568106312293,0.026058970099667775,0.0014534883720930232,0.011991279069767442,0.01764950166112957,0.006644518272425249,0.008098006644518272,0.011368355481727575,0.7408637873754153,no_recovery,CupRap
N5: Neuron (other) | Astrocyte,0.1970908137858734,0.00335473725592976,5.24177696239025e-05,0.09739221596121085,0.003118857292622199,0.08302974708426157,0.018293801598741975,0.09781155811820207,0.10103525095007207,0.01797929498099856,0.25857685755471105,0.05514349364434543,0.007259861092910496,0.020547765692569782,0.015961210850478313,0.023352116367448564,no_recovery,CupRap
N6: Oligodendrocyte | Astrocyte Gfap-high / qNSC,0.03231867718902668,0.0623825629462608,0.0,0.022172115745960164,0.010522360015031942,0.005636978579481398,0.002254791431792559,0.13228109733183013,0.12701991732431417,0.0003757985719654265,0.0018789928598271326,0.055993987222848554,0.5231116121758738,0.003757985719654265,0.0,0.020293122886133032,no_recovery,CupRap
N7: Ependymal | Neuroblast,0.04440979440979441,0.011896511896511896,0.02489027489027489,0.02333102333102333,0.49099099099099097,0.018364518364518363,0.002541002541002541,0.049434049434049436,0.03453453453453453,0.1925964425964426,0.026738276738276737,0.017844767844767843,0.017498267498267498,0.004677754677754678,0.028528528528528527,0.011723261723261724,no_recovery,CupRap
N8: Excitatory neuron | Endothelial,0.13239387613082812,0.007161911389468801,0.0,0.11227093481790767,0.001855717930874507,0.40848990953375086,0.09817907678032939,0.042362560890744604,0.0750695894224078,0.010670378102528416,0.018644166086754812,0.03462073764787752,0.007393876130828114,0.023254465321271168,0.0011018325214567385,0.02653096729297147,no_recovery,CupRap
N9: Choroid plexus | Ependymal,0.0,0.0,0.9440701864327119,0.00031333228889237035,0.04386652044493185,0.0,0.00015666614444618518,0.0006266645777847407,0.0009399968666771111,0.0,0.0,0.00031333228889237035,0.0006266645777847407,0.0,0.0021933260222465924,0.006893310355632148,no_recovery,CupRap
N10: Excitatory neuron | Inhibitory neuron,0.07499210992692579,0.0009953630647471536,0.0,0.08385326891796752,0.0004127115146512588,0.6858537059066301,0.0673933626277585,0.011046102303901338,0.03437644145565779,0.0014080745793984123,0.0015051831710810614,0.018329246680100022,0.00446699521740186,0.013182491320919618,2.427714792066228e-05,0.002160666164938943,no_recovery,CupRap
N11: Microglia | Lesion glia (Gfap+ Olig2+),0.0091494656712048,0.03473137168789343,0.0,0.022873664178012003,0.005050505050505051,0.010686575903967209,0.001427316644707949,0.05753184014053579,0.7034841165275948,0.015371102327624066,0.009954618650270823,0.07213438735177866,0.04680866637388376,0.0027814375640462597,0.004391743522178305,0.0036231884057971015,no_recovery,CupRap
N0: Oligodendrocyte | Astrocyte Gfap-high / qNSC,0.13587231886505657,0.03487586556324945,0.00016889039013680122,0.10682317176152677,0.0051511568991724375,0.0694139503462253,0.039858132072285085,0.0010133423408208073,0.052187130552271574,0.04061813882790069,0.044333727410910316,0.040871474413105895,0.24252660023644654,0.025586894105725386,0.1239655463604121,0.03673365985475426,no_recovery,Control
N1: Excitatory neuron | Inhibitory neuron,0.08247730085131126,0.0011480029221892566,1.4909128859600733e-05,0.0853547627212142,8.94547731576044e-05,0.582112027194251,0.07548491941615851,5.9636515438402934e-05,0.032576446558227605,0.006962563177433542,0.006932744919714341,0.0244360622008856,0.07678201362694377,0.01768222682748647,7.454564429800367e-05,0.007812383522430784,no_recovery,Control
N2: Striatal MSN | Lesion glia (Gfap+ Olig2+),0.08469836196564123,0.0013776571562400981,2.7553143124801963e-05,0.08155730364941381,0.0005372862909336383,0.0005510628624960393,0.024053893947952112,0.00031686114593522255,0.038188656370975516,1.3776571562400982e-05,0.006571424635265268,0.022373152217339192,0.09366691005276427,0.01753757559893645,0.6185818397233664,0.009946684668053507,no_recovery,Control
N3: Neuron (other) | Astrocyte,0.13130883369675053,0.0002659150135616657,5.318300271233314e-05,0.054353028772004465,0.0006381960325479977,0.0633941392331011,0.006754241344466308,0.00015954900813699942,0.029516566505344892,0.0039355422007126524,0.5519332021485933,0.041110461096633515,0.07924267404137637,0.013508482688932616,0.011221613572302292,0.012604371642822954,no_recovery,Control
N4: VLMC-Fibroblast | Astrocyte Gfap-high / qNSC,0.07815069744776756,0.0068831089724066515,0.00018273740634707926,0.04653712614972285,0.0011573369068648353,0.02125845160504355,0.015654504477066455,0.000974599500517756,0.022476700980690746,0.000487299750258878,0.015106292258025218,0.017908265822013766,0.03825303039532192,0.008527745629530365,0.011207894255954193,0.7152342084424682,no_recovery,Control
N5: Neuron (other) | Astrocyte,0.18873145220141085,0.0025541230844076867,0.0,0.08918146436390173,0.0016723424957431282,0.08981999513500365,0.014990270007297494,0.0006081245439065921,0.04749452687910484,0.020280953539284847,0.28283872537095595,0.044332279250790564,0.1527304792021406,0.02380807589394308,0.013317927511554367,0.02763926052055461,no_recovery,Control
N6: Oligodendrocyte | Astrocyte Gfap-high / qNSC,0.047140607179709984,0.06386791940476837,0.0,0.04127518600988432,0.002552544397979688,0.026177157443110846,0.0058654211698256666,0.0018465214793895617,0.03693042958779123,0.01515233802204964,0.02623146689838701,0.03714766740889589,0.6647477325802422,0.01048172486829957,0.014337696192907185,0.006245587356758812,no_recovery,Control
N7: Ependymal | Neuroblast,0.07150723725613593,0.028083700440528634,0.032174323473882945,0.022655758338577723,0.5095185651353052,0.01935179358086847,0.0017306482064191316,0.0019666456891126493,0.017699811202013846,0.1406544996853367,0.025330396475770924,0.01644115796098175,0.06600062932662051,0.005821271239773443,0.03264631843926998,0.00841724354940214,no_recovery,Control
N8: Excitatory neuron | Endothelial,0.10359638736040491,0.00557219474820645,4.643495623505375e-05,0.09879036939007685,0.00041791460611548373,0.43572241183162685,0.08012351698358525,0.00023217478117526873,0.04039841192449676,0.014743098604629565,0.02094216526200924,0.03320099370806343,0.12349376610712544,0.022822780989528918,0.0006733068654082794,0.01922407188131225,no_recovery,Control
N9: Choroid plexus | Ependymal,0.0001598976654940838,0.0001598976654940838,0.9417972497601536,0.0003197953309881676,0.05164694595458906,0.0,0.0,0.0,0.0003197953309881676,0.0,0.0001598976654940838,0.0,0.0003197953309881676,0.0001598976654940838,0.0012791813239526704,0.003677646306363927,no_recovery,Control
N10: Excitatory neuron | Inhibitory neuron,0.07005132929718347,0.00042774414319557777,0.0,0.07478941826796526,3.290339563042906e-05,0.6638260068439062,0.059489339299815744,0.0,0.028165306659647275,0.006284548565411951,0.0018425901553040273,0.01928138983943143,0.060410634377467756,0.012963937878389049,6.580679126085812e-05,0.0023690444853908922,no_recovery,Control
N11: Microglia | Lesion glia (Gfap+ Olig2+),0.0,0.0,0.0,0.0,0.0,0.0,0.0,0.0,0.5238095238095238,0.0,0.0,0.09523809523809523,0.23809523809523808,0.047619047619047616,0.0,0.09523809523809523,no_recovery,Control
N0: Oligodendrocyte | Astrocyte Gfap-high / qNSC,0.08032885804797103,0.10816111027304269,0.0,0.0696183436415749,0.004073012520742193,0.04118268215417107,0.02270327349524815,0.0018856539447880524,0.23540503846734048,0.023834665862120984,0.034620606426308646,0.049102428722280884,0.20206667672348771,0.014029265349223111,0.09119022476995021,0.021798159601749887,recovery,CupRap
N1: Excitatory neuron | Inhibitory neuron,0.08326703132769767,0.0016907011437095971,0.0,0.09400795624067627,0.00012431626056688214,0.5637493784186972,0.08518150174042764,0.0004226752859273993,0.08906016907011437,0.00012431626056688214,0.0044753853804077575,0.02292391844853307,0.03247140726006962,0.015912481352560914,4.972650422675286e-05,0.006539035305818001,recovery,CupRap
N2: Striatal MSN | Lesion glia (Gfap+ Olig2+),0.0733431469289377,0.002183794626247594,0.0,0.0720005176402077,0.0010999854413691584,0.0006794027726103625,0.023665863245927628,0.0006955790291010855,0.09742959284362412,3.235251298144583e-05,0.010271922871609052,0.02384380206732558,0.04048916999627946,0.012957181449069056,0.6351768873647261,0.006130801209983986,recovery,CupRap
N3: Neuron (other) | Astrocyte,0.10832222135069418,0.0023531257353517922,0.0,0.0502000156875049,7.84375245117264e-05,0.03239469762334301,0.00525531414228567,0.0005490626715820849,0.06667189583496745,0.014040316887599028,0.5773001804063064,0.0347478233586948,0.05984783120244725,0.009569377990430622,0.03035532198603812,0.008314377598243,recovery,CupRap
N4: VLMC-Fibroblast | Astrocyte Gfap-high / qNSC,0.062042124542124544,0.012934981684981684,0.00022893772893772894,0.05070970695970696,0.001488095238095238,0.005608974358974359,0.01201923076923077,0.001945970695970696,0.028960622710622712,0.001488095238095238,0.0035485347985347985,0.014766483516483516,0.021291208791208792,0.00847069597069597,0.005151098901098901,0.7693452380952381,recovery,CupRap
N5: Neuron (other) | Astrocyte,0.16752822027640046,0.0073319970461019094,0.0,0.08524105918345817,0.0010549636037556704,0.0640362907479692,0.009547420613988817,0.0018989344867602067,0.1446355100749024,0.027798290958961917,0.2787741322924359,0.052959172908534656,0.10612933853782044,0.015824454056335056,0.022259732039244647,0.01498048317333052,recovery,CupRap
N6: Oligodendrocyte | Astrocyte Gfap-high / qNSC,0.015422578655151141,0.12523133867982728,0.0,0.03351840427719515,0.0,0.00431832202344232,0.0012338062924120913,0.0008225375282747275,0.24367674275138804,0.008431009664815957,0.01624511618342587,0.04092124203166769,0.49537322640345466,0.00658030022619782,0.006169031462060457,0.002056343820686819,recovery,CupRap
N7: Ependymal | Neuroblast,0.12861167002012072,0.015935613682092554,0.0005633802816901409,0.0428169014084507,0.1640241448692153,0.006519114688128773,0.00193158953722334,0.002575452716297787,0.03774647887323944,0.5107444668008049,0.01641851106639839,0.028169014084507043,0.011348088531187123,0.008209255533199195,0.01738430583501006,0.007002012072434608,recovery,CupRap
N8: Excitatory neuron | Endothelial,0.09910392519723385,0.006964059608454271,0.0,0.10528878932502192,0.00024349858770819128,0.4410246420570761,0.08848738677315672,0.0006817960455829356,0.13499561702542126,0.00224018700691536,0.012613226843284309,0.033164507645855656,0.03900847375085224,0.01957728645173858,0.0008278951982078503,0.015778708483490795,recovery,CupRap
N9: Choroid plexus | Ependymal,0.0,0.0,0.9507389162561576,0.0,0.04433497536945813,0.0,0.0,0.0,0.0,0.0,0.0,0.0,0.0,0.0,0.0,0.0049261083743842365,recovery,CupRap
N10: Excitatory neuron | Inhibitory neuron,0.06622438099751214,0.0007700509418315366,0.0,0.08055917545314537,0.00011846937566639024,0.6767563084942543,0.0679421869446748,0.00011846937566639024,0.04999407653121668,5.923468783319512e-05,0.0015993365714962683,0.01735576353512617,0.024700864826442365,0.01238004975713778,5.923468783319512e-05,0.0013623978201634877,recovery,CupRap
N11: Microglia | Lesion glia (Gfap+ Olig2+),0.025211671020742187,0.042050926945957,0.0,0.03175852192250795,0.0008498316074407479,0.048314500645242515,0.006515375657045733,0.0008183563627207201,0.6030342135910106,0.0010701583204809418,0.017563186553775454,0.04922728274212332,0.10210569387176985,0.0038085046111233515,0.06395769727109628,0.0037140788769632685,recovery,CupRap
N0: Oligodendrocyte | Astrocyte Gfap-high / qNSC,0.14886592018374964,0.03560149296583405,0.0,0.11800172265288544,0.005885730691932242,0.0720643123743899,0.04823428079242033,0.0010048808498420902,0.04880849842090152,0.030002871088142407,0.03186907838070629,0.03660637381567614,0.21978179730117714,0.023542922767728968,0.14886592018374964,0.030864197530864196,recovery,Control
N1: Excitatory neuron | Inhibitory neuron,0.08425353894050688,0.00046212968818407356,0.0,0.10183878970666926,0.00019458092134066256,0.5778566911514326,0.08174830957824586,2.432261516758282e-05,0.03237340078805273,0.00021890353650824536,0.003891618426813251,0.02150119180814321,0.07267597412073747,0.017974412608843703,2.432261516758282e-05,0.004961813494186895,recovery,Control
N2: Striatal MSN | Lesion glia (Gfap+ Olig2+),0.08430948976176712,0.00030425654912221984,0.0,0.07884808470502327,0.0006085130982444397,0.0005324489609638848,0.026059573432318132,0.00016734110201722092,0.033787689780022515,7.606413728055496e-05,0.011759515623573797,0.021343596920923722,0.07849818967353273,0.01469559132260322,0.6428788754677944,0.00613076946481273,recovery,Control
N3: Neuron (other) | Astrocyte,0.10501133215814656,0.0005875933853773189,0.0,0.05187610173759758,8.394191219675985e-05,0.030806681776210862,0.005624108117182909,0.0002518257365902795,0.02199278099555108,0.01074456476118526,0.6150423906656594,0.025350457483421473,0.07697473348442878,0.009149668429446823,0.034500125912868294,0.012003693444136657,recovery,Control
N4: VLMC-Fibroblast | Astrocyte Gfap-high / qNSC,0.06275933609958506,0.01037344398340249,0.0,0.04495159059474412,0.0028526970954356845,0.007520746887966805,0.009422544951590594,0.0008644536652835408,0.019623098201936376,0.0026798063623789765,0.005878284923928077,0.014955048409405257,0.025587828492392807,0.009854771784232365,0.007607192254495159,0.7750691562932227,recovery,Control
N5: Neuron (other) | Astrocyte,0.1849302877484426,0.001601898546425393,0.0,0.10560664491248888,0.0006526253337288639,0.0708395134974785,0.013052506674577276,0.00041530703055473156,0.044793829724117475,0.03850489469000297,0.2733313556808069,0.042717294571343815,0.15526549985167606,0.020765351527736578,0.026283002076535153,0.021239988134084842,recovery,Control
N6: Oligodendrocyte | Astrocyte Gfap-high / qNSC,0.026279497395035243,0.08412503830830524,0.0,0.04282868525896414,0.0018387986515476554,0.01685565430585351,0.0049800796812749,0.00022984983144345693,0.034171008274593934,0.007355194606190622,0.026892430278884463,0.03011032791909286,0.6961385228317499,0.010956175298804782,0.012641740729390132,0.004596996628869139,recovery,Control
N7: Ependymal | Neuroblast,0.1388711847602861,0.009135330359039727,0.0004248990864669641,0.04666808299695489,0.17859924934494725,0.007010834926704908,0.002478578004390624,0.0006373486297004461,0.02386516535656115,0.4763118759294668,0.014942284540754905,0.03285886268677856,0.03030946816797677,0.008852064301395086,0.02195311946745981,0.007081651441116069,recovery,Control
N8: Excitatory neuron | Endothelial,0.09919020496725948,0.0024410089503661514,0.0,0.11817583013677399,0.0004262079119686931,0.44933937773644855,0.09225463985431438,7.749234763067146e-05,0.03739005773179899,0.0019373086907667869,0.012708745011430121,0.028052229842303072,0.11678096787942191,0.025378743849044906,0.0003487155643380216,0.015498469526134295,recovery,Control
N9: Choroid plexus | Ependymal,0.0,0.0,1.0,0.0,0.0,0.0,0.0,0.0,0.0,0.0,0.0,0.0,0.0,0.0,0.0,0.0,recovery,Control
N10: Excitatory neuron | Inhibitory neuron,0.06706981858163827,0.0002748763056624519,0.0,0.08933479934029687,0.00010995052226498076,0.6656404617921935,0.06525563496426608,0.00010995052226498076,0.024573941726223198,0.00010995052226498076,0.0012644310060472787,0.015503023639362287,0.05634964266080264,0.013304013194062672,0.0,0.0010995052226498076,recovery,Control
N11: Microglia | Lesion glia (Gfap+ Olig2+),0.4,0.0,0.0,0.2,0.0,0.0,0.0,0.0,0.3,0.0,0.0,0.1,0.0,0.0,0.0,0.0,recovery,Control
N0: Oligodendrocyte | Astrocyte Gfap-high / qNSC,0.07399724678949254,0.07461954779460295,3.7715212430934016e-05,0.14414754191102983,0.004299534217126478,0.052688151766014824,0.1335307096117219,0.004827547191159554,0.13339870636821363,0.0,0.0237794414377039,0.044730241943087744,0.23619151784872428,0.01172943106602048,0.023986875106074036,0.038035791736596956,infusion,OSM_infused
N1: Excitatory neuron | Inhibitory neuron,0.06267044194209215,0.012930753271832879,0.0,0.09900964261015932,0.0019441798562089797,0.5634207126919715,0.06180926160310025,0.0004827829173136393,0.05563746917365832,3.914456086326805e-05,0.005675961325173867,0.02678792781742977,0.08782734639021908,0.012917705084878457,7.82891217265361e-05,0.008768381633372043,infusion,OSM_infused
N2: Striatal MSN | Lesion glia (Gfap+ Olig2+),0.06307903990215563,0.010181929368598073,0.0,0.0909952606635071,0.0001834581868215869,0.0001834581868215869,0.023054578810579422,0.001070172756459257,0.042776333893900016,0.0,0.004647607399480202,0.026907200733832747,0.11022779391530348,0.013117260357743464,0.6024766855220914,0.011099220302706008,infusion,OSM_infused
N3: Neuron (other) | Astrocyte,0.07065417501943297,0.016528249396555252,0.0,0.05678517366935319,8.182301681462995e-05,0.04054330483164914,0.01002331955979217,0.0007364071513316696,0.0412388004745735,0.0004091150840731498,0.6444789919404328,0.02925172851123021,0.07400891870883279,0.005359407601358262,0.004704823466841222,0.005195761567729002,infusion,OSM_infused
N4: VLMC-Fibroblast | Astrocyte Gfap-high / qNSC,0.04617089980240011,0.03311002939900718,0.001349462624704805,0.04270085305315919,0.002843510530627982,0.017591209214901923,0.013542821340787508,0.005687021061255964,0.05021928767651453,0.0,0.005879801436213794,0.019711793339438045,0.0493517759892043,0.004723119186466817,0.005060484842643019,0.7020579305026748,infusion,OSM_infused
N5: Neuron (other) | Astrocyte,0.13283635463373036,0.007977333370010728,0.0,0.10576843726790086,0.0003576045993453085,0.11602893846450087,0.016202239154952825,0.0015129425356916898,0.06560668995681236,0.0002750804610348527,0.2659477897284956,0.04343520479740324,0.196077352625643,0.01807278628998982,0.006987043710285259,0.022914202404203228,infusion,OSM_infused
N6: Oligodendrocyte | Astrocyte Gfap-high / qNSC,0.04987579194669645,0.05823335708371045,0.0,0.06913285447437847,0.0038706695680640877,0.022087850719251286,0.013826570894875696,0.0010976525640778755,0.09189470238209864,5.777118758304608e-05,0.02632440447534133,0.039727319994608025,0.5972385372335304,0.007548768510851355,0.005064607444780374,0.014019141520152515,infusion,OSM_infused
N7: Ependymal | Neuroblast,0.025297619047619048,0.052083333333333336,0.009991496598639456,0.03869047619047619,0.6020408163265306,0.04039115646258504,0.00042517006802721087,0.0036139455782312926,0.08503401360544217,0.0,0.006802721088435374,0.034651360544217684,0.0818452380952381,0.00042517006802721087,0.007653061224489796,0.011054421768707483,infusion,OSM_infused
N8: Excitatory neuron | Endothelial,0.0871514272529501,0.017232513679214186,2.6369569516777638e-05,0.1258224009493045,0.0014107719691476036,0.39488430351374515,0.04523699650603204,0.001028413211154328,0.08405300283472872,3.9554354275166455e-05,0.02200540576175094,0.03550662535434109,0.1523370030984244,0.015017469839804865,0.00015821741710066582,0.01808952468850946,infusion,OSM_infused
N9: Choroid plexus | Ependymal,0.0,0.0007044734061289186,0.8580486086650229,0.0003522367030644593,0.03733709052483269,0.0,0.0,0.0003522367030644593,0.028178936245156744,0.0,0.0,0.0,0.0003522367030644593,0.0,0.0,0.07467418104966538,infusion,OSM_infused
N10: Excitatory neuron | Inhibitory neuron,0.040432737107661536,0.010159321802768245,0.0,0.06886520148185186,0.0011136616741289575,0.7136525830132503,0.0508420645923771,0.0002727334712152549,0.03545535125798314,0.0,0.0008182004136457647,0.017454942157776314,0.0488647469260665,0.009500215913998045,4.545557853587581e-05,0.0025227846087411076,infusion,OSM_infused
N11: Microglia | Lesion glia (Gfap+ Olig2+),0.02253922967189729,0.11754636233951497,0.0028530670470756064,0.17004279600570613,0.017403708987161197,0.045934379457917264,0.025106990014265335,0.009985734664764621,0.3403708987161198,0.0,0.003994293865905849,0.0673323823109843,0.1369472182596291,0.0025677603423680455,0.0,0.03737517831669044,infusion,OSM_infused
N0: Oligodendrocyte | Astrocyte Gfap-high / qNSC,0.10816479689033424,0.07760694286758904,0.00013470086785844862,0.11865222160217061,0.005272576827602132,0.03950584024477072,0.2025131333346162,0.004560586526064618,0.0554775145765582,0.00034637366020743936,0.0217253256874555,0.04160332518713799,0.23320568822521986,0.024804202667077183,0.027498220024246157,0.03892855081109165,infusion,BSA_infused
N1: Excitatory neuron | Inhibitory neuron,0.08366450156679593,0.004064064544788752,1.2006099098341957e-05,0.08739239533683112,0.0017588935179070969,0.5768030159320935,0.06976143881091594,0.00018009148647512937,0.03245248586281831,1.8009148647512935e-05,0.010289226927279058,0.028346399971185363,0.07770347336446914,0.018303298075422313,7.803964413922273e-05,0.009172659711133256,infusion,BSA_infused
N2: Striatal MSN | Lesion glia (Gfap+ Olig2+),0.07273672870463242,0.002990452840001486,0.00011144544745347152,0.07563431033842268,0.00033433634236041456,0.00039005906608715035,0.027062669489951334,0.0002043166536646978,0.03218916007281102,0.0,0.007819755562985252,0.02449942419852149,0.09628886659979939,0.015268026301125599,0.6327501021583268,0.011720346223856756,infusion,BSA_infused
N3: Neuron (other) | Astrocyte,0.0763836911561946,0.01506795351585582,0.0,0.03978727595036439,0.0009651368918652748,0.052176482174512505,0.011404372661020288,0.0002757533976757928,0.02014969470159543,0.00033484341146346267,0.688536537325192,0.025625369312586174,0.050088635020681505,0.009769548946228087,0.004313571006499902,0.005121134528264723,infusion,BSA_infused
N4: VLMC-Fibroblast | Astrocyte Gfap-high / qNSC,0.08199597996362824,0.01604824043646109,0.002711929298407938,0.05666336981144115,0.0015633474779057524,0.02198257984238905,0.02035542226334429,0.0036690808154930927,0.025173084899339566,0.00012762020227802062,0.008071977794084804,0.021823054589541525,0.035255080879303194,0.008901509108891937,0.004977187888842804,0.6906805347286475,infusion,BSA_infused
N5: Neuron (other) | Astrocyte,0.16449742529294895,0.007176742488748327,2.02732838665207e-05,0.09412885699225561,0.0005879252321291002,0.1328305558934436,0.0208612090986498,0.0007906580707943072,0.04545270242873941,0.0007501115030612658,0.2612212626201192,0.04498641689980943,0.16745732473746097,0.022564164943437538,0.009082431172201273,0.02759193934233467,infusion,BSA_infused
N6: Oligodendrocyte | Astrocyte Gfap-high / qNSC,0.05928475084773538,0.06160420527171652,0.0,0.05499880245559632,0.0033531243303205637,0.026913234756520313,0.017269850874207415,0.0005798636059952854,0.03954417678276544,0.0001638744973464937,0.020673398126788436,0.03770374012025867,0.6508968977297079,0.012883056637547428,0.005496098526390097,0.008634925437103707,infusion,BSA_infused
N7: Ependymal | Neuroblast,0.05768140589569161,0.05470521541950114,0.04308390022675737,0.016723356009070295,0.5853174603174603,0.0429421768707483,0.0012755102040816326,0.00467687074829932,0.01870748299319728,0.0001417233560090703,0.01856575963718821,0.013605442176870748,0.10402494331065759,0.004393424036281179,0.021116780045351474,0.013038548752834467,infusion,BSA_infused
N8: Excitatory neuron | Endothelial,0.1089370791579404,0.007334228904705087,7.509449390483024e-05,0.10442306569099451,0.000400503967492428,0.42817211658002985,0.05578686513863278,0.0003087218082754132,0.04000033375330624,4.1719163280461246e-05,0.023321012273777836,0.03545294495573597,0.1489874759071832,0.02499812263765238,0.000267002644994952,0.021493712922093636,infusion,BSA_infused
N9: Choroid plexus | Ependymal,0.0005605381165919282,0.0014947683109118087,0.8578101644245142,0.0007473841554559044,0.08520179372197309,0.0,0.0,0.0007473841554559044,0.0011210762331838565,0.0,0.0,0.0001868460388639761,0.00429745889387145,0.0001868460388639761,0.002242152466367713,0.04540358744394619,infusion,BSA_infused
N10: Excitatory neuron | Inhibitory neuron,0.05228244663279973,0.006169257278562947,8.928013427732196e-06,0.061674716758774006,0.0002232003356933049,0.7232226557268742,0.054219825546617625,4.464006713866098e-05,0.02394493201317775,0.0,0.0027409001223137838,0.01956127742016124,0.042372351728016996,0.011035024596676993,3.5712053710928784e-05,0.002464131706054086,infusion,BSA_infused
N11: Microglia | Lesion glia (Gfap+ Olig2+),0.01524390243902439,0.08384146341463415,0.0,0.11204268292682927,0.0007621951219512195,0.06173780487804878,0.019817073170731708,0.006097560975609756,0.510670731707317,0.0,0.003048780487804878,0.08231707317073171,0.08003048780487805,0.008384146341463415,0.0007621951219512195,0.01524390243902439,infusion,BSA_infused
