niche_k12,Astrocyte,Astrocyte Gfap-high / qNSC,Choroid plexus,Endothelial,Ependymal,Excitatory neuron,Inhibitory neuron,Lesion glia (Gfap+ Olig2+),Microglia,Neuroblast,Neuron (other),OPC,Oligodendrocyte,Pericyte-VSMC,Striatal MSN,VLMC-Fibroblast
N0: Oligodendrocyte | Astrocyte Gfap-high / qNSC,0.13027859421686408,2.1797963492173364,-5.6928704691385965,0.5392809879294624,-1.1458323236488435,-2.5214179724720807,1.4075198209124518,2.0221490428113187,0.707621656776273,-0.3959805715030606,-1.479597006546004,0.5521964066375132,0.8177106616864076,0.2733294201816032,-1.260249377710049,-0.38234988080124216
N1: Excitatory neuron | Inhibitory neuron,-0.05596779667222056,-1.8829566135187812,-6.373581556091096,0.17589971998385748,-3.515566743853727,1.1002679012029422,0.6803655515739633,-1.4859588413159954,-0.6219784660234947,-2.760625779704392,-3.218838134549332,-0.22728714866960317,-0.9577434916023964,0.175846582756588,-9.335644764210187,-2.405571652680454
N2: Striatal MSN | Lesion glia (Gfap+ Olig2+),-0.10467251630310977,-2.7669259523396907,-6.097154056010917,-0.013034706474671767,-3.687480231032829,-8.774803875955495,-0.8635672455999907,0.11761539444116764,-0.41505128188997675,-6.417322056813935,-3.035732527531335,-0.392301119136571,-0.989960030840876,0.026156776627359723,2.5261432043092555,-2.3197668572546224
N3: Neuron (other) | Astrocyte,0.18256918032024214,-0.8915775869811,-6.365107670703014,-0.717865437524807,-4.175297473347972,-2.441769627971521,-2.3319096917113655,-0.40056411844839057,-0.9755003668712732,-1.3453300355823552,3.1507376088793464,0.06639029869306777,-1.197034087044301,-0.5914101792254726,-3.1745490607389906,-2.5473853354780047
N4: VLMC-Fibroblast | Astrocyte Gfap-high / qNSC,-0.3477865037754859,-0.03674932456122728,-2.75909471061328,-0.7262443494669135,-2.6716161045475104,-3.877614061580091,-1.5808090644207713,-0.5988117352089137,-1.190290945347889,-3.649912800215469,-2.9822932516454967,-0.6850045534079149,-1.9665104638900475,-0.9036879632511483,-3.878007362553855,3.9912833918070425
N5: Neuron (other) | Astrocyte,0.9974834504673553,-1.5623595002698831,-6.253777971811215,0.2474605558493535,-3.2669714930392457,-1.4218803489438725,-1.4683868089304635,1.0872143183732412,0.06313443909537611,0.29175342362876655,1.9280289811586069,0.6398833561350451,0.1074724449467781,0.4634227016712084,-3.0063059471279594,-0.9069658849229842
N6: Oligodendrocyte | Astrocyte Gfap-high / qNSC,-0.7506117370728441,2.0132256715198626,-6.462689500682313,-0.5389698406082911,-1.9587236242908161,-3.5030640251806977,-1.786732994233013,-1.6647181826635649,-0.11809732274420418,-2.058554595475361,-1.6057435097648824,0.3305495721057806,2.3739525107202204,-0.5061275500550795,-3.992969923791074,-2.209328956766663
N7: Ependymal | Neuroblast,-0.02315970937929746,0.4852516366094028,1.0064915816475182,-1.3407956158452072,4.864948209966886,-3.8846092841768187,-4.472736979258971,0.584270752402628,-1.0874786701072114,4.596414332771422,-1.8137259913997115,-0.3759366621709879,-1.5569321838355445,-1.2896405295780364,-2.2066405997636958,-2.257685614679118
N8: Excitatory neuron | Endothelial,0.28109480401969905,-0.8103146499547457,-5.970309652440265,0.4496665959095589,-3.900143208568006,0.6497640526324262,0.5141842415411606,-0.902066037869495,-0.16124940481169633,-1.627534089441804,-1.7647354928590426,0.1821922082424738,-0.00765202420990973,0.5392406763378806,-7.699530753927954,-1.1683352951406145
N9: Choroid plexus | Ependymal,-8.209461990178715,-4.682168604870149,6.689197359672805,-7.266423997305276,2.0682390035382503,-11.392583252664727,-8.29792491843616,-4.179671749004883,-3.885333043628755,-6.782857501485331,-8.900509090854081,-6.967827936210215,-6.324576717766854,-6.274571794684955,-6.002678041247382,-0.863079167458859
N10: Excitatory neuron | Inhibitory neuron,-0.5665786068519676,-1.7627728101387146,-6.408783145700946,-0.1910091074613436,-4.837828805829069,1.3846974449016052,0.32347208494627994,-2.3208671934494545,-1.1770135086717446,-3.377666249244668,-5.10654423827879,-0.7014256986338127,-1.6274127782960293,-0.3694886766204379,-9.636468217279337,-4.269942424145689
N11: Microglia | Lesion glia (Gfap+ Olig2+),-2.2412571114651807,1.4618933094364135,-5.104353534925233,-1.1215718246904693,-1.8667402628344687,-3.050199943085257,-3.017856150075814,1.4311385657136793,3.223517313856439,-0.6129177720124954,-2.3989353598089322,1.0029380144968916,-0.609423336369634,-2.1044606831304282,-1.7022632689904778,-2.945246537903888
