sample_id,N0: Oligodendrocyte | Astrocyte Gfap-high / qNSC,N1: Excitatory neuron | Inhibitory neuron,N2: Striatal MSN | Lesion glia (Gfap+ Olig2+),N3: Neuron (other) | Astrocyte,N4: VLMC-Fibroblast | Astrocyte Gfap-high / qNSC,N5: Neuron (other) | Astrocyte,N6: Oligodendrocyte | Astrocyte Gfap-high / qNSC,N7: Ependymal | Neuroblast,N8: Excitatory neuron | Endothelial,N9: Choroid plexus | Ependymal,N10: Excitatory neuron | Inhibitory neuron,N11: Microglia | Lesion glia (Gfap+ Olig2+)
Recov_Cntl1,0.03401570748036565,0.1838032702459122,0.2594137590661345,0.05633234625123385,0.04994635423372387,0.0971117119436934,0.06368825372301617,0.05661559589717179,0.1229646796274838,0.0003089996137504828,0.07571348869147247,8.583322604180079e-05
Recov_Cntl2,0.027585129933953685,0.18096139184112142,0.3261989840441656,0.049144337378172566,0.05280949450226431,0.050898836151860596,0.05173474918016222,0.06912357734032683,0.10548120114272067,0.0,0.08606229848525211,0.0
Recov_CupRap1,0.06889188581703753,0.16429053077738176,0.24565713001316508,0.05307773817551296,0.03170857014417365,0.08213723790257843,0.025230388851427286,0.05060527245287866,0.09245255755707543,0.0016295796808271522,0.06537584689978486,0.11894326172815721
Recov_CupRap2,0.03967890297506916,0.1676255452030616,0.26489655991718003,0.05207643874208713,0.040612324559170444,0.07404578857152555,0.01459531931503827,0.051940668329854216,0.07651511294401167,0.0,0.07414761638070023,0.14386572306230164
NoRecov_Cntl1,0.03929638709446522,0.18508312009018843,0.17890950736359895,0.07001234722545317,0.05386253422328794,0.1291358731635739,0.05616198128232199,0.0389474437664406,0.14447148506701502,0.02063239267755847,0.08347798078127516,8.947264821144176e-06
NoRecov_Cntl2,0.036952649614379614,0.21512463720942848,0.23462717335286298,0.04825453657742697,0.04477355539280838,0.09249464290557952,0.04272113272031899,0.03858012133705844,0.13682516432943645,0.02278460411750346,0.0866899937613584,0.00017178868183831972
NoRecov_Cntl3,0.03110835661295395,0.2089985754722217,0.24643405546408154,0.052180267515216545,0.05036723216102714,0.07608273361330546,0.06855308678519231,0.037851738108893127,0.10906887684309845,0.01320925758052282,0.10613656966310843,9.250180378517381e-06
NoRecov_CupRap1,0.050161270691333984,0.18543086660175268,0.17362463485881208,0.06755111976630963,0.050579661635832524,0.11320898247322297,0.0062378286270691335,0.04281280428432327,0.08122870009737099,0.025902203018500488,0.09944011684518014,0.10382181110029211
NoRecov_CupRap2,0.036987032036536985,0.18742707604093742,0.29366269960329366,0.06207287395406207,0.047763109644297766,0.08511684501783512,0.000125012501250125,0.05048838217155049,0.08505017168383505,0.006892355902256893,0.09915158182484915,0.04526285961929526
NoRecov_CupRap3,0.05193425943529196,0.21223424829060109,0.24075810120690447,0.05175725552153875,0.04512944230655767,0.08561744865247577,0.0119707091301241,0.03690859386779775,0.08919030543008673,0.014101311795671926,0.10634657366312877,0.05405175069982103
Inf_BSA1,0.07584935676808469,0.2203585578143882,0.09463387025224482,0.05750080308384195,0.04266287305156563,0.08334480595964695,0.119009376959907,0.009445795664876936,0.1628195126428342,0.008099674177412693,0.12613005369189115,0.00014531993330579903
Inf_BSA2,0.07551003551664326,0.2244238870075163,0.090939126125382,0.058437267696374,0.04304947551003552,0.07589824068720574,0.11483439332617494,0.010712810770628562,0.16591228215082185,0.007896258362930536,0.13238622284628726,0.0
Inf_BSA3,0.07722772277227723,0.21442836591351444,0.08893966319708894,0.0629009054751629,0.04119488871964119,0.07714309892527714,0.11652703731911652,0.010696454260810697,0.173986629432174,0.0073707370737073705,0.12958449691122959,0.0
Inf_BSA4,0.0962079127430391,0.21389133527538784,0.08531772915114152,0.05979439062394147,0.04333209132172617,0.06563749068491295,0.08055009823182711,0.012101144908881513,0.16552909694465145,0.0068762278978389,0.16313257909355736,0.007629903123094642
Inf_BSA5,0.05193530924347002,0.24702260116389227,0.042478684531059685,0.09116592231695764,0.045286912978752196,0.052730410069021516,0.10608675057517931,0.008297807551766139,0.16048348897009068,0.00673298145892543,0.1875,0.0002791311408850995
Inf_BSA6,0.05130152818276118,0.2515579949850122,0.03959716743034966,0.08906912352061944,0.04258655754575972,0.05014171015984253,0.11469130054805486,0.006942572672400415,0.15840500518651018,0.0070079145328465365,0.18576690924832356,0.0029322159875197046
Inf_OSM1,0.11872235145419585,0.1854419061193207,0.0770192682631671,0.05535759906415135,0.050449772088582916,0.08684164526495543,0.11800298503448925,0.010777050194296164,0.17449677965873794,0.0064944669293138454,0.1082209463366097,0.008175229592179747
Inf_OSM2,0.1274060171596297,0.18173543689320387,0.07481231655001129,0.057793802212689094,0.04475474147663129,0.08306756604199593,0.12167673289681644,0.011486791600812825,0.1781511063445473,0.006427805373673516,0.10482050124181531,0.007867182208173402
Inf_OSM3,0.12705017281993702,0.17097799205982286,0.07812488533709061,0.05883950128055537,0.0506498176401089,0.0855880647836265,0.12572191767753488,0.010809501794245207,0.18082616002172175,0.007059566005474466,0.09573710821977119,0.00861531236011125
