sub,n,% BSA_infused,% Control,% CupRap,% OSM_infused,% in lesion niche,% Lesion glia (Gfap+ Olig2+),% OPC,% Oligodendrocyte,det% H2-Eb1,det% Lgals3,det% Socs3,det% Osmr,det% Tnfrsf1a,det% Tnf,det% Il33,det% Cd52,det% Trem2,det% Cybb,det% Igf1,top genes
0,36319,48.9,25.0,0.3,25.8,0.5,0.0,0.1,99.8,0.6,1.8,2.3,2.7,6.0,0.8,57.3,1.5,7.4,1.7,4.3,"Slc17a7, Nrn1, Arc, Dkk3, Garnl3, Satb2, Neurod6, 2010300C02Rik"
1,45468,45.4,21.3,0.4,32.9,9.3,0.1,0.1,99.8,0.7,2.2,2.0,3.0,7.3,1.2,66.6,1.3,7.0,1.9,6.5,"Gad2, Gad1, Vat1l, Tubb3, Dner, Agt, Cacna2d2, Nr2f2"
2,34813,92.6,3.4,0.5,3.4,65.7,0.1,0.1,99.9,0.3,2.0,1.2,3.0,6.0,1.4,42.2,0.7,4.1,1.8,1.4,"Mbp, Sema6a, Mag, Clmn, Zfp536, Mog, Tjp2, Lifr"
3,25784,43.5,43.9,1.8,10.8,64.6,0.1,0.0,99.9,0.5,1.6,1.2,2.0,3.1,1.1,70.1,0.9,5.6,1.7,1.0,"Opalin, Dpy19l1, Mog, Mbp, Gjc3, Mag, Il33, Prox1"
4,8316,19.2,7.7,29.2,43.9,42.5,1.9,35.0,63.1,2.0,19.0,13.8,19.0,36.4,2.3,18.8,17.7,31.5,7.7,6.8,"Fyn, Gpr17, Enpp6, Tmem163, Sema3d, Olig2, Sox10, Gng12"
5,5261,47.7,26.7,2.3,23.3,54.7,0.0,0.0,100.0,0.3,3.3,1.2,1.7,3.3,1.1,16.1,1.2,7.9,1.8,1.3,"Mag, Dpy19l1, Mog, Enpp6, Gjc3, Mbp, Cdh20, Prox1"
6,20813,28.4,5.1,0.8,65.7,79.4,0.0,0.0,100.0,0.4,4.3,10.4,6.2,10.8,2.0,83.0,3.3,12.4,2.8,1.4,"Opalin, Mog, Gfap, Il33, Gjc3, Mag, Mbp, Prox1"
7,14514,73.4,0.6,0.1,25.9,0.8,0.0,0.1,99.9,0.7,1.8,3.7,2.7,10.2,0.7,61.5,1.9,9.3,0.9,9.1,"Rims3, Slc17a6, Nrn1, Clmn, Cpne4, Rorb, Nell1, Rnf152"
8,35251,23.8,3.7,2.1,70.4,59.2,0.4,0.1,99.5,0.7,9.7,18.3,15.3,23.1,2.3,52.0,6.6,21.2,3.7,2.0,"Gfap, Igfbp5, Aqp4, Mbp, Prph, Ly6a, Mog, Enpp6"
9,14524,36.1,40.6,0.3,23.0,0.7,0.2,0.1,99.6,0.5,2.9,1.9,2.9,5.1,1.1,56.6,1.3,7.5,2.1,1.9,"Ppp1r1b, Meis2, Pde7b, Penk, Bcl11b, 2010300C02Rik, Necab2, Wfs1"
10,2971,51.1,22.6,2.5,23.8,53.6,0.2,0.1,99.7,0.6,4.0,5.5,10.9,19.7,1.6,59.9,9.4,56.1,4.1,1.9,"Laptm5, Kctd12, Cx3cr1, Trem2, Siglech, Aif1, Cd53, Tmem119"
11,5720,23.9,28.2,33.4,14.5,0.4,0.7,99.2,0.1,1.1,3.5,4.2,5.5,32.8,1.5,20.5,2.1,8.1,2.8,3.2,"Ppp1r1b, Pdgfra, Meis2, Cspg4, Gpr17, Pde7b, Penk, Bcl11b"
12,15738,49.4,20.2,16.4,14.0,0.7,0.1,99.7,0.2,0.8,2.0,4.5,4.2,32.2,0.8,22.3,1.8,7.9,1.6,6.2,"Pdgfra, Cspg4, Gpr17, Slc17a7, Dner, Nrn1, Olig2, Sema5b"
13,18534,56.5,20.6,9.5,13.5,18.1,0.4,95.1,4.5,0.8,2.4,4.0,3.2,32.8,1.1,24.6,1.2,6.0,2.0,5.3,"Pdgfra, Cspg4, Gpr17, Dner, Olig2, Ascl1, Olig1, Sema5b"
14,15697,13.1,2.6,37.0,47.4,32.5,1.2,97.8,1.0,2.0,15.2,21.6,23.4,50.8,2.0,25.7,14.8,27.9,7.3,7.8,"Pdgfra, Cspg4, Gfap, Gpr17, Sema3d, Ascl1, Olig2, Matn4"
15,24510,2.2,0.5,94.8,2.6,34.7,86.6,2.3,11.0,2.1,13.1,11.8,17.7,21.2,2.9,20.2,9.3,19.8,6.1,5.2,"Gfap, Shisa3, Ttr, Itgax, Nes, Prph, Gadd45a, Fos"
