,Astrocyte,Astrocyte Gfap-high / qNSC,Choroid plexus,Endothelial,Ependymal,Excitatory neuron,Inhibitory neuron,Lesion glia (Gfap+ Olig2+),Microglia,Neuroblast,Neuron (other),OPC,Oligodendrocyte,Pericyte-VSMC,Striatal MSN,VLMC-Fibroblast
Astrocyte,40.29968689682721,-38.57199806323885,-58.01014951672884,31.788689746485986,-50.2825678221466,7.974964335522076,14.739472097414486,1.4445003845614652,-42.68682140889024,20.340769438531186,62.66721239371679,7.175040958597355,-41.59349959750875,13.688756072719714,-20.710676306976318,-29.41746654227604
Astrocyte Gfap-high / qNSC,-37.72735778999044,111.1240786845684,-18.493860905466278,-17.872706990078296,21.26128577901184,-67.04273770267064,-24.40890617879961,31.619230011576892,124.11830890659283,-0.1609850402352483,-32.29909055309793,40.260450694452075,124.14282868648473,-9.78333117796755,-56.0168981778373,-15.816777031009545
Choroid plexus,-59.95109041276687,-19.697519338570114,954.6730354002032,-51.03963101686366,118.04428345241185,-107.15387629834841,-38.74627446153579,-41.59109012505252,-63.4046198619628,-22.434854709280316,-44.17854115396991,-35.36907909653642,-27.688262980310572,-21.742540294666043,-76.49560037198553,-34.73372620780942
Endothelial,31.038457580155516,-19.948077976290524,-50.602801720764326,17.933450508581604,-53.92365254299093,34.08019841856305,27.116894357427732,-11.916578337642287,-25.55530307281494,-21.392607664174598,-19.557212772195783,-0.12691459709774597,-39.110323411179536,29.720891939254543,14.571162135919874,-36.284719475640756
Ependymal,-58.18697985999578,18.771298613618562,92.99243709878834,-54.21580220780547,750.2451822748459,-118.5723656949224,-46.65546010188631,-21.60413369454132,-42.22577413747884,-13.6385967141754,-46.61715880930359,-28.065972984344885,-1.838455542107118,-22.428763721170316,-72.82344338808325,-35.498315393255524
Excitatory neuron,-0.2833081166779407,-65.64443707220022,-100.03619217897362,26.598421349211343,-111.3981715779889,460.95535065627206,120.97579404846724,-96.59980737957888,-112.10520480218517,-32.531186342481924,-150.97868152085286,-41.32108867920632,-102.89259110374817,6.726590699104999,-348.4504163910947,-135.0511483837521
Inhibitory neuron,13.572791228784194,-24.053342217665865,-38.58685576592186,25.552573315047677,-47.05793924330192,132.4809380285312,58.423977509377906,-37.550311055856994,-34.694566446645965,-34.34172343889048,-60.996146962325746,-7.546469783735264,-38.462206142532324,10.231821664351914,-48.10342798002659,-38.14780429056939
Lesion glia (Gfap+ Olig2+),2.6417721983283213,32.47142671230881,-38.73675162010734,-9.291722375821996,-15.603741511449266,-99.2207180807965,-37.29471507122391,140.8536746962712,11.26000236131184,32.75716629832666,29.20718882550256,19.51812345528648,79.39119295746717,-4.669678325513529,-13.644016414916656,-36.53688540590087
Microglia,-40.98606781351916,118.41592515019924,-62.08304532117106,-23.202523998347544,-42.15208310496197,-108.83788762231444,-33.368129159342175,10.903464921154539,224.24115355556333,4.5223015853534845,-40.75365103212227,62.39144345517757,98.76023146856281,-12.224592245858256,-69.77623684044498,-57.64671616926585
Neuroblast,19.388987400730958,-0.8557660593732946,-23.08381031120953,-20.99940016174117,-12.457794169782225,-33.34597006517123,-33.186486150614975,32.63650610820709,6.304806996686218,313.7514147482547,21.35498623566888,10.621853898096989,-14.243533670839488,-10.329214927043823,-66.17508077387359,-28.662855128186305
Neuron (other),57.04923125914504,-33.560815696609616,-43.56335933855108,-21.878687846328795,-43.56108227165524,-159.88953122492774,-56.72669842304436,26.52408891848006,-46.50073321103146,21.61390241595171,468.7036177649212,19.933401934978136,-38.11474914857886,-6.315093646700668,-140.88069051021307,-46.97758657413953
OPC,5.868062712687324,38.805368330985914,-35.36160421133226,-1.2801757316107332,-26.454922903110678,-39.01671992902293,-7.9024039741290055,19.087785571640097,63.751113197377265,10.220105417731954,21.163824610800365,20.20788266324764,38.51930080474834,-0.7697670157646637,-36.010434979762444,-21.636484552103326
Oligodendrocyte,-43.429889996646274,129.99377988522198,-25.181526451750944,-39.62271674408986,13.562186205319765,-115.71155793269966,-39.77120398635982,77.62573619997166,101.93618172894158,-14.87806142058166,-35.7012007234475,39.54440338531272,284.7171292276358,-16.444179839937163,-92.71152366400422,-24.93470068920104
Pericyte-VSMC,12.484826121566444,-10.476997196040253,-21.95238314813579,28.69136621871212,-20.230087115690992,10.563953359033395,9.945454334674672,-5.391693547277484,-13.770132897585597,-10.4897610929142,-4.798781965713051,-0.92814774780739,-16.906394619110703,-4.9626515421120825,4.515483070734974,-11.060562011426219
Striatal MSN,-24.466532384471027,-56.083203023931425,-72.20807178371882,10.75245875317071,-70.2756279751144,-345.1421166753202,-52.860571180662454,-19.95462779503087,-77.18498497733691,-62.049055059265335,-134.75167877717038,-36.79750095097073,-89.00311981809139,4.254056709889558,586.3715548189736,-105.2868566115819
VLMC-Fibroblast,-44.95280188186534,-18.5581341423293,-34.834540356097136,-48.26064352165853,-33.47698744380104,-140.62742524366064,-42.6710365322758,-43.5223783560442,-64.28149489760158,-28.337472165122353,-48.39236492919104,-29.493660524241154,-26.32050836118797,-15.157413402271999,-103.14117018994642,682.5653524385413
