niche,Astrocyte,Astrocyte Gfap-high / qNSC,Choroid plexus,Endothelial,Ependymal,Excitatory neuron,Inhibitory neuron,Lesion glia (Gfap+ Olig2+),Microglia,Neuroblast,Neuron (other),OPC,Oligodendrocyte,Pericyte-VSMC,Striatal MSN,VLMC-Fibroblast,experiment,condition
N0: Oligodendrocyte | Choroid plexus,0.10378378378378378,0.02247962247962248,0.11061347061347061,0.06788502788502788,0.1499099099099099,0.061587301587301586,0.022634062634062636,0.1308966108966109,0.07706563706563707,0.06654654654654654,0.04706992706992707,0.038232518232518234,0.05975117975117975,0.012612612612612612,0.012561132561132561,0.01637065637065637,no_recovery,CupRap
N1: Striatal MSN | Lesion glia (Gfap+ Olig2+),0.08690296267158029,0.0012732655638599615,8.281402041365603e-05,0.08491542618165256,0.003126229270615515,0.0007142709260677833,0.027370033746713318,0.041210326908345585,0.05431564563880665,5.175876275853502e-05,0.009057783482743628,0.022028529430032504,0.0018529637067555536,0.016283306763835118,0.640721724187905,0.01009295873791433,no_recovery,CupRap
N2: Excitatory neuron | Inhibitory neuron,0.09726706564175999,0.0022965834943193333,0.0,0.09381543574294476,0.0008713507963740999,0.5871215703227375,0.08334571687178309,0.0190278697161693,0.04825527201005093,0.003147670318684733,0.007794874566013266,0.024154654634370398,0.005336179295624333,0.017393242640800832,0.0001621117760696,0.0100104021722978,no_recovery,CupRap
N3: Neuron (other) | Astrocyte,0.15081078699215653,0.0007711289327575571,2.2032255221644486e-05,0.06693399136335595,0.0029082576892570725,0.0749317000088129,0.010597514761610999,0.05880408918656914,0.06611879792015511,0.01394641755530096,0.4621485855292148,0.04611351017890191,0.004120031726447519,0.015312417379042919,0.013814224023971094,0.012646514497223937,no_recovery,CupRap
N4: VLMC-Fibroblast | Astrocyte Gfap-high / qNSC,0.06994769377080362,0.007227769852591536,0.000903471231573942,0.05230622919638612,0.003899191631003329,0.028768426058012362,0.017070851165002378,0.02315739419876367,0.029339039467427483,0.0020922491678554444,0.015834522111269615,0.019020446980504042,0.007275320970042796,0.00936757013789824,0.012553495007132667,0.7012363290537328,no_recovery,CupRap
N5: Microglia | Lesion glia (Gfap+ Olig2+),0.023786155533745166,0.03972057040586571,0.0,0.03181109635702327,0.009381675422897062,0.019138617862710004,0.003059869522544888,0.0861670804226084,0.6134172391894233,0.01636741527625426,0.022660354482997518,0.06962646498470065,0.045407309046821775,0.004532070896599504,0.008948675018763352,0.0059754055770452055,no_recovery,CupRap
N0: Oligodendrocyte | Choroid plexus,0.10550690141391666,0.027864377837858816,0.08145867560120565,0.0674488700309173,0.0874480938644037,0.0979392779064202,0.023259123190561816,0.0010736970104653118,0.03851079518259317,0.04204235281942486,0.06636223691189216,0.03364681836409971,0.2694332690839942,0.016299496785377024,0.025561750514210314,0.016144263482659148,no_recovery,Control
N1: Striatal MSN | Lesion glia (Gfap+ Olig2+),0.08476835604885878,0.0014826301041921707,6.801055523817297e-05,0.08140863462009304,0.001632253325716151,0.0006256971081911913,0.024157349220599037,0.0003400527761908648,0.03830354471013901,1.3602111047634593e-05,0.007005087189531816,0.022402676895454176,0.0935417176745831,0.017641938028782066,0.6166381022334666,0.009970347397916156,no_recovery,Control
N2: Excitatory neuron | Inhibitory neuron,0.0841364672588633,0.0014700102193223802,1.5722034431255403e-05,0.08574797578806698,0.00014935932709692634,0.5753478500117916,0.07374420249980347,7.074915494064932e-05,0.03269397059979561,0.007507271440924456,0.008427010455152897,0.024683594057070986,0.0795377721877211,0.017805203993396745,0.00014149830988129865,0.00852134266174043,no_recovery,Control
N3: Neuron (other) | Astrocyte,0.144287193648602,0.00028765389483373605,2.8765389483373606e-05,0.06316879530548844,0.003279254401104591,0.08016914049016223,0.008255666781728224,0.00037395006328385684,0.034173282706247844,0.01052813255091474,0.46343918996663214,0.04168104936140835,0.1051662639512139,0.016971579795190428,0.011448625014382695,0.01674145667932344,no_recovery,Control
N4: VLMC-Fibroblast | Astrocyte Gfap-high / qNSC,0.08459832850076753,0.00676559213144579,0.0002842685769515038,0.05071351412814828,0.002558417192563534,0.026721246233441357,0.017226675763261128,0.0009665131616351129,0.02393541417931662,0.0010802205924157144,0.018420603786457445,0.01938711694809256,0.04030928421172324,0.00972198533174143,0.011313889362669851,0.6859969298993689,no_recovery,Control
N5: Microglia | Lesion glia (Gfap+ Olig2+),0.24719101123595505,0.0,0.0,0.1348314606741573,0.0,0.07865168539325842,0.02247191011235955,0.0,0.15730337078651685,0.0,0.07865168539325842,0.056179775280898875,0.16853932584269662,0.02247191011235955,0.0,0.033707865168539325,no_recovery,Control
N0: Oligodendrocyte | Choroid plexus,0.11908515243006386,0.05413204371175889,0.005343735805701766,0.06973575226440805,0.05218158014267774,0.05819328292409223,0.017554172121730303,0.0018703075319956182,0.13618510700830952,0.18478638416116708,0.06035749592540145,0.04242926229727202,0.14962460255964946,0.01370668234162503,0.022016191519491277,0.01279824725465573,recovery,CupRap
N1: Striatal MSN | Lesion glia (Gfap+ Olig2+),0.07388767790742402,0.002388126682908065,0.0,0.0719964097961277,0.0028048467752275932,0.000737274009488396,0.02359276830362867,0.0007052186177715092,0.09595781510450058,4.8083087575330173e-05,0.010434030003846647,0.023801128349788436,0.0411110398769073,0.012998461341197589,0.633350429542249,0.006186690601359149,recovery,CupRap
N2: Excitatory neuron | Inhibitory neuron,0.08252140334483091,0.001965122510959337,0.0,0.09328147975099287,0.00015116327007379517,0.56903351701961,0.08320850911789361,0.00038477923291511495,0.08649287471313334,0.00035729500199260675,0.005276972337121577,0.02349901743874452,0.031043438826973024,0.01583091701136473,0.00013742115461254104,0.0068160892687820366,recovery,CupRap
N3: Neuron (other) | Astrocyte,0.12225114442150614,0.003455704155820842,0.0,0.057176196032672114,0.0001795170990036801,0.04797594470873351,0.004712323848846602,0.0010322233192711606,0.0914190826676241,0.02050982856117045,0.48501032223319274,0.041378691320348264,0.07764114531909164,0.011219818687730006,0.027196840499057535,0.008841217125931245,recovery,CupRap
N4: VLMC-Fibroblast | Astrocyte Gfap-high / qNSC,0.06978750943803258,0.01294358753101068,0.00021572645885017797,0.05554956315392083,0.002049401359076691,0.008952648042282386,0.014453672742961924,0.0021572645885017797,0.03203537913925143,0.002804443965052314,0.004638118865278826,0.015424441807787724,0.02232768849099342,0.009923417107108187,0.006256067306655161,0.7404810700032359,recovery,CupRap
N5: Microglia | Lesion glia (Gfap+ Olig2+),0.0321603051440813,0.04449147007341223,0.0,0.03660161454659456,0.0020900279541238866,0.05935679389711837,0.008386237165922095,0.000992763278208846,0.5561564385923662,0.0021422786529769837,0.024374951014969826,0.04864540063223346,0.10711393264884918,0.0044674347519398075,0.06826553805157144,0.004754813595631842,recovery,CupRap
N0: Oligodendrocyte | Choroid plexus,0.11903354062595575,0.03101233561015394,0.0008563564073809767,0.08051789173208278,0.050423080844122746,0.08471811601590376,0.02522173514119686,0.0004689570802324396,0.037394229788969315,0.15234988276072994,0.052013457029258844,0.03515139157916199,0.27503313283719033,0.01639310836986441,0.027444183912733205,0.011968600265062697,recovery,Control
N1: Striatal MSN | Lesion glia (Gfap+ Olig2+),0.0845227006400048,0.0003154953276644332,0.0,0.07884378474204501,0.0021934437066193926,0.0005558727201706679,0.026095970673958115,0.0001652594573480364,0.033848141582284184,0.0001652594573480364,0.012093987560469938,0.021408611520086537,0.07863345452360206,0.01472311529100688,0.6402001141792615,0.006234788618130465,recovery,Control
N2: Excitatory neuron | Inhibitory neuron,0.08299860960914568,0.0006565734589834698,0.0,0.10232246768628663,0.00020598383026932386,0.5746820124620218,0.08047530768834646,5.1495957567330964e-05,0.03137391214789639,0.00036047170297131675,0.00521396570369226,0.021242082496524022,0.07575055358154385,0.018474174777279983,3.862196817549822e-05,0.0061537669292960505,recovery,Control
N3: Neuron (other) | Astrocyte,0.12326353935977451,0.0006039863096436481,0.0,0.0628145762029394,0.0004529897322327361,0.050533521240185224,0.0057378699416146565,0.00020132876988121604,0.02788403462854842,0.017364606402254883,0.5140930138916852,0.03040064425206362,0.10645258707469298,0.012532715925105698,0.03342057580028186,0.014244010469096034,recovery,Control
N4: VLMC-Fibroblast | Astrocyte Gfap-high / qNSC,0.06979038224414304,0.01076859843814221,0.0,0.04956843403205918,0.003945745992601726,0.010686395396629675,0.011097410604192354,0.0010686395396629674,0.020632963419646527,0.003945745992601726,0.007480476777640773,0.016029593094944512,0.02745581586518701,0.011344019728729964,0.007809288943690916,0.7483764899301274,recovery,Control
N5: Microglia | Lesion glia (Gfap+ Olig2+),0.3076923076923077,0.0,0.0,0.17307692307692307,0.019230769230769232,0.038461538461538464,0.0,0.0,0.09615384615384616,0.019230769230769232,0.07692307692307693,0.057692307692307696,0.11538461538461539,0.019230769230769232,0.038461538461538464,0.038461538461538464,recovery,Control
N0: Oligodendrocyte | Choroid plexus,0.07745678182898783,0.04469107728881883,0.015155430372877853,0.10568102534949224,0.020866172252512985,0.10376237112070079,0.057617767900979354,0.002015555957518282,0.09630739812398253,5.8141037236104294e-05,0.0502790769787333,0.039929972350706736,0.34282539600506473,0.011847851365668363,0.009237964805292126,0.022268017261427943,infusion,OSM_infused
N1: Striatal MSN | Lesion glia (Gfap+ Olig2+),0.06288288288288288,0.010810810810810811,0.0,0.09126126126126126,0.0002702702702702703,0.00024024024024024023,0.022912912912912912,0.001051051051051051,0.04327327327327327,0.0,0.005015015015015015,0.026936936936936936,0.11114114114114114,0.013063063063063063,0.59996996996997,0.011171171171171172,infusion,OSM_infused
N2: Excitatory neuron | Inhibitory neuron,0.0631180483597573,0.01300933773366795,5.989566175721892e-06,0.09724060686284493,0.002012494235042556,0.5662595758189234,0.0558107776253766,0.0005749983528693017,0.055930568948891035,3.5937397054331354e-05,0.008079924771048833,0.026306174643770552,0.08966979521673245,0.012673922027827524,5.989566175721892e-05,0.009211952778260271,infusion,OSM_infused
N3: Neuron (other) | Astrocyte,0.08820786814183826,0.01454169711938305,0.0,0.07122155296252426,0.00020161798432420173,0.06923057536732277,0.01174424758688475,0.0009576854255399582,0.049472012903550994,0.000352831472567353,0.5287683661382595,0.035005922528289525,0.10652990246730008,0.008593966581819098,0.0057461125532397486,0.009425640767156431,infusion,OSM_infused
N4: VLMC-Fibroblast | Astrocyte Gfap-high / qNSC,0.04954836446549154,0.03613084276067702,0.005831798649478207,0.04919757958431992,0.0038586336928878367,0.022932561606594754,0.015873015873015872,0.006226431640796282,0.05481013768306586,0.0,0.007322634394457599,0.021880206963079893,0.05279312461632903,0.005349469437867228,0.004998684556695606,0.6632465140752434,infusion,OSM_infused
N5: Microglia | Lesion glia (Gfap+ Olig2+),0.024888599065318987,0.13563743071405282,0.00489077274209325,0.18345831974785348,0.015433105097272035,0.05662427996956852,0.03640908596891642,0.010433648516465601,0.28822954026736225,0.0,0.006738398000217367,0.062275839582654056,0.13422454081078145,0.004238669709814151,0.0008694707097054668,0.035648299097924135,infusion,OSM_infused
N0: Oligodendrocyte | Choroid plexus,0.09565297673424168,0.046186514801065136,0.02293047483916111,0.08439425450446073,0.023319209314078018,0.10778635153258567,0.06894205912651363,0.0015306419949853254,0.043212696067950786,0.00018950805652199264,0.04203677428132714,0.03806196427530176,0.3763872961573597,0.01936383603179848,0.00982526385352485,0.020180178429123986,infusion,BSA_infused
N1: Striatal MSN | Lesion glia (Gfap+ Olig2+),0.07277202262875615,0.0031224744691793404,0.00012857247814267872,0.07550877966350746,0.0007530673719785468,0.0003857174344280361,0.02716552788186026,0.00020204246565278083,0.03214311953566968,0.0,0.008540886048049371,0.02441040335023143,0.09756814341341562,0.015336859892733819,0.6300602453897582,0.011902137976636544,infusion,BSA_infused
N2: Excitatory neuron | Inhibitory neuron,0.07910063546308395,0.0051624395528305465,2.51281535832747e-05,0.08257669670877028,0.0015021051808668654,0.5956572966573972,0.06299907305033449,0.000139600853240415,0.03123987893814007,1.95441194536581e-05,0.01080789805787293,0.027007181067890688,0.07728861638802337,0.01734680202365397,6.98004266202075e-05,0.009057303358238126,infusion,BSA_infused
N3: Neuron (other) | Astrocyte,0.09536922175116212,0.013563804408577232,0.0,0.05117439371839088,0.002153850348296686,0.08455907411698951,0.012227871914064098,0.0004498548195809534,0.02496012650462805,0.0006543342830268413,0.5848930572406178,0.030412912196518396,0.07238573005984432,0.012432351377509985,0.005984432296849653,0.008778984963943455,infusion,BSA_infused
N4: VLMC-Fibroblast | Astrocyte Gfap-high / qNSC,0.08765193290411988,0.01821751306406444,0.007824003233536391,0.06236105898316829,0.002887086064035569,0.028351185148829287,0.023067817651644194,0.004157403932211219,0.027485059329618616,0.00011548344256142276,0.0096428674538788,0.02303894679100384,0.037243410226058836,0.010364638969887692,0.00502352975142189,0.6525680630539596,infusion,BSA_infused
N5: Microglia | Lesion glia (Gfap+ Olig2+),0.030432918988426916,0.13030432918988427,0.0,0.13759108444063436,0.0008572653236176596,0.06815259322760395,0.036433776253750536,0.011144449207029576,0.3780540077153879,0.0,0.0038576939562794685,0.07672524646378054,0.0861551650235748,0.017573939134162022,0.0008572653236176596,0.02186026575225032,infusion,BSA_infused
