sample_id,N0: Oligodendrocyte | Choroid plexus,N1: Striatal MSN | Lesion glia (Gfap+ Olig2+),N2: Excitatory neuron | Inhibitory neuron,N3: Neuron (other) | Astrocyte,N4: VLMC-Fibroblast | Astrocyte Gfap-high / qNSC,N5: Microglia | Lesion glia (Gfap+ Olig2+)
Recov_Cntl1,0.23087421140723574,0.2629844212694734,0.3473069825329385,0.1056435346122484,0.05283035062872838,0.0003604995493755633
Recov_Cntl2,0.2034391850307267,0.3299835573151576,0.34183331343064216,0.06944508235121208,0.05520700329772282,9.185857453864031e-05
Recov_CupRap1,0.1772308383906496,0.24849886009697203,0.29947339691102337,0.09460392383521177,0.03384388145008509,0.1463490993160582
Recov_CupRap2,0.13024625358518746,0.26675491743461804,0.30092663306348966,0.08907387607555624,0.042894964614836315,0.1701033552263123
NoRecov_Cntl1,0.26733532559096684,0.18103000912621012,0.3636526313905839,0.1300663887049729,0.05773669989084337,0.00017894529642288351
NoRecov_Cntl2,0.22118244862162187,0.23770128660681186,0.3986039909223244,0.09434815236751928,0.04781150260847551,0.0003526188732470773
NoRecov_Cntl3,0.21239339167113758,0.2497086193180767,0.39294766247941837,0.09057776626644219,0.05409505485356964,0.0002775054113555214
NoRecov_CupRap1,0.16556870740019475,0.17710869036027263,0.3512582156767283,0.12992179892891917,0.055136319376825706,0.1210062682570594
NoRecov_CupRap2,0.11926192619261926,0.29872153882054875,0.35386872020535387,0.11163616361636164,0.05213021302130213,0.06438143814381438
NoRecov_CupRap3,0.14553655130819004,0.24568798798995667,0.3894807229626522,0.09777171739686244,0.049344757734087676,0.072178262608251
Inf_BSA1,0.311191164548055,0.09564346136784299,0.4548666880822358,0.09162039374053509,0.0463647071420923,0.0003135851192388295
Inf_BSA2,0.3029487073593789,0.09206244321466919,0.46566449161642026,0.0914842653010655,0.04758404228958454,0.00025605021888163874
Inf_BSA3,0.31196581196581197,0.08996361174578997,0.45623254633155624,0.09570110857239571,0.045942286536345946,0.00019463484810019463
Inf_BSA4,0.27753031637422937,0.08630004742226137,0.48459623331752594,0.09102533703678613,0.04849773050606328,0.012050335343133933
Inf_BSA5,0.24245500067668155,0.042935444579780754,0.5446102314250914,0.11884219786168629,0.04961767492218162,0.0015394505345784275
Inf_BSA6,0.24608561417264954,0.03998105086047062,0.5455228573995573,0.11593279589653116,0.047307506962992005,0.005170174707799368
Inf_OSM1,0.35242231514972233,0.07854540076104934,0.4008282798402603,0.09215957833026314,0.05522986110177354,0.020814564816931332
Inf_OSM2,0.3654747121246331,0.07635047414766313,0.3956240121923685,0.09230356739670355,0.049559720027094155,0.020687514111537592
Inf_OSM3,0.371162920400091,0.07922564926725814,0.3762117576264594,0.09458497530619583,0.05552987106385165,0.02328482633614395
