,no_recovery:Control | striatal bundles | NoRecov_Cntl2 (n=40),recovery:Control | corpus callosum / WM | Recov_Cntl1 (n=5205),recovery:Control | corpus callosum / WM | Recov_Cntl2 (n=4345),no_recovery:Control | corpus callosum / WM | NoRecov_Cntl1 (n=4823),no_recovery:Control | corpus callosum / WM | NoRecov_Cntl2 (n=3403),no_recovery:Control | corpus callosum / WM | NoRecov_Cntl3 (n=5711),no_recovery:CupRap | corpus callosum / WM | NoRecov_CupRap3 (n=15643),no_recovery:CupRap | corpus callosum / WM | NoRecov_CupRap1 (n=21123),no_recovery:CupRap | corpus callosum / WM | NoRecov_CupRap2 (n=9237),no_recovery:CupRap | striatal bundles | NoRecov_CupRap3 (n=512),no_recovery:CupRap | striatal bundles | NoRecov_CupRap1 (n=329),no_recovery:CupRap | striatal bundles | NoRecov_CupRap2 (n=299),recovery:CupRap | striatal bundles | Recov_CupRap1 (n=3995),recovery:CupRap | striatal bundles | Recov_CupRap2 (n=5412),recovery:CupRap | corpus callosum / WM | Recov_CupRap1 (n=19317),recovery:CupRap | corpus callosum / WM | Recov_CupRap2 (n=17060)
no_recovery:Control | striatal bundles | NoRecov_Cntl2 (n=40),1.0,0.454,0.458,0.472,0.606,0.605,-0.282,-0.408,-0.357,-0.327,-0.318,-0.296,-0.548,-0.582,-0.358,-0.514
recovery:Control | corpus callosum / WM | Recov_Cntl1 (n=5205),0.454,1.0,0.963,0.517,0.63,0.656,-0.305,-0.503,-0.506,-0.576,-0.594,-0.538,-0.439,-0.486,-0.152,-0.284
recovery:Control | corpus callosum / WM | Recov_Cntl2 (n=4345),0.458,0.963,1.0,0.438,0.614,0.655,-0.316,-0.513,-0.492,-0.597,-0.587,-0.533,-0.42,-0.469,-0.109,-0.249
no_recovery:Control | corpus callosum / WM | NoRecov_Cntl1 (n=4823),0.472,0.517,0.438,1.0,0.724,0.667,-0.094,-0.261,-0.363,-0.316,-0.354,-0.38,-0.665,-0.633,-0.441,-0.541
no_recovery:Control | corpus callosum / WM | NoRecov_Cntl2 (n=3403),0.606,0.63,0.614,0.724,1.0,0.934,-0.091,-0.289,-0.426,-0.495,-0.508,-0.593,-0.678,-0.661,-0.434,-0.567
no_recovery:Control | corpus callosum / WM | NoRecov_Cntl3 (n=5711),0.605,0.656,0.655,0.667,0.934,1.0,-0.163,-0.35,-0.432,-0.523,-0.522,-0.553,-0.642,-0.626,-0.419,-0.547
no_recovery:CupRap | corpus callosum / WM | NoRecov_CupRap3 (n=15643),-0.282,-0.305,-0.316,-0.094,-0.091,-0.163,1.0,0.662,0.585,-0.06,-0.166,-0.191,-0.262,-0.281,0.258,0.174
no_recovery:CupRap | corpus callosum / WM | NoRecov_CupRap1 (n=21123),-0.408,-0.503,-0.513,-0.261,-0.289,-0.35,0.662,1.0,0.736,0.013,0.048,-0.1,-0.069,0.006,0.187,0.232
no_recovery:CupRap | corpus callosum / WM | NoRecov_CupRap2 (n=9237),-0.357,-0.506,-0.492,-0.363,-0.426,-0.432,0.585,0.736,1.0,0.071,0.159,0.155,-0.095,-0.084,0.195,0.218
no_recovery:CupRap | striatal bundles | NoRecov_CupRap3 (n=512),-0.327,-0.576,-0.597,-0.316,-0.495,-0.523,-0.06,0.013,0.071,1.0,0.807,0.755,0.305,0.4,-0.323,-0.146
no_recovery:CupRap | striatal bundles | NoRecov_CupRap1 (n=329),-0.318,-0.594,-0.587,-0.354,-0.508,-0.522,-0.166,0.048,0.159,0.807,1.0,0.839,0.326,0.395,-0.358,-0.218
no_recovery:CupRap | striatal bundles | NoRecov_CupRap2 (n=299),-0.296,-0.538,-0.533,-0.38,-0.593,-0.553,-0.191,-0.1,0.155,0.755,0.839,1.0,0.341,0.358,-0.223,-0.095
recovery:CupRap | striatal bundles | Recov_CupRap1 (n=3995),-0.548,-0.439,-0.42,-0.665,-0.678,-0.642,-0.262,-0.069,-0.095,0.305,0.326,0.341,1.0,0.929,0.413,0.531
recovery:CupRap | striatal bundles | Recov_CupRap2 (n=5412),-0.582,-0.486,-0.469,-0.633,-0.661,-0.626,-0.281,0.006,-0.084,0.4,0.395,0.358,0.929,1.0,0.253,0.482
recovery:CupRap | corpus callosum / WM | Recov_CupRap1 (n=19317),-0.358,-0.152,-0.109,-0.441,-0.434,-0.419,0.258,0.187,0.195,-0.323,-0.358,-0.223,0.413,0.253,1.0,0.844
recovery:CupRap | corpus callosum / WM | Recov_CupRap2 (n=17060),-0.514,-0.284,-0.249,-0.541,-0.567,-0.547,0.174,0.232,0.218,-0.146,-0.218,-0.095,0.531,0.482,0.844,1.0
