,recovery:Control | corpus callosum / WM | Recov_Cntl1 (n=169),recovery:Control | corpus callosum / WM | Recov_Cntl2 (n=132),no_recovery:Control | corpus callosum / WM | NoRecov_Cntl1 (n=296),no_recovery:Control | corpus callosum / WM | NoRecov_Cntl2 (n=159),no_recovery:Control | corpus callosum / WM | NoRecov_Cntl3 (n=223),recovery:CupRap | striatal bundles | Recov_CupRap1 (n=2094),recovery:CupRap | striatal bundles | Recov_CupRap2 (n=3054),recovery:CupRap | corpus callosum / WM | Recov_CupRap1 (n=9096),recovery:CupRap | corpus callosum / WM | Recov_CupRap2 (n=9182),no_recovery:CupRap | corpus callosum / WM | NoRecov_CupRap3 (n=6547),no_recovery:CupRap | corpus callosum / WM | NoRecov_CupRap1 (n=12389),no_recovery:CupRap | corpus callosum / WM | NoRecov_CupRap2 (n=4363),no_recovery:CupRap | striatal bundles | NoRecov_CupRap3 (n=200),no_recovery:CupRap | striatal bundles | NoRecov_CupRap1 (n=110),no_recovery:CupRap | striatal bundles | NoRecov_CupRap2 (n=88)
recovery:Control | corpus callosum / WM | Recov_Cntl1 (n=169),1.0,0.772,0.369,0.334,0.311,-0.331,-0.297,-0.141,-0.129,-0.373,-0.53,-0.475,-0.369,-0.547,-0.294
recovery:Control | corpus callosum / WM | Recov_Cntl2 (n=132),0.772,1.0,0.153,0.413,0.376,-0.247,-0.244,-0.065,-0.104,-0.315,-0.5,-0.486,-0.37,-0.573,-0.43
no_recovery:Control | corpus callosum / WM | NoRecov_Cntl1 (n=296),0.369,0.153,1.0,0.486,0.533,-0.481,-0.405,-0.511,-0.435,-0.248,-0.373,-0.372,-0.093,-0.19,-0.176
no_recovery:Control | corpus callosum / WM | NoRecov_Cntl2 (n=159),0.334,0.413,0.486,1.0,0.754,-0.536,-0.491,-0.449,-0.506,-0.212,-0.272,-0.438,-0.07,-0.287,-0.42
no_recovery:Control | corpus callosum / WM | NoRecov_Cntl3 (n=223),0.311,0.376,0.533,0.754,1.0,-0.44,-0.398,-0.49,-0.528,-0.33,-0.261,-0.388,-0.171,-0.298,-0.407
recovery:CupRap | striatal bundles | Recov_CupRap1 (n=2094),-0.331,-0.247,-0.481,-0.536,-0.44,1.0,0.868,0.504,0.548,-0.178,-0.074,-0.089,-0.11,0.021,-0.034
recovery:CupRap | striatal bundles | Recov_CupRap2 (n=3054),-0.297,-0.244,-0.405,-0.491,-0.398,0.868,1.0,0.264,0.499,-0.261,0.013,-0.157,-0.041,0.04,-0.053
recovery:CupRap | corpus callosum / WM | Recov_CupRap1 (n=9096),-0.141,-0.065,-0.511,-0.449,-0.49,0.504,0.264,1.0,0.818,0.274,-0.003,0.077,-0.318,-0.27,-0.151
recovery:CupRap | corpus callosum / WM | Recov_CupRap2 (n=9182),-0.129,-0.104,-0.435,-0.506,-0.528,0.548,0.499,0.818,1.0,0.102,0.005,-0.029,-0.289,-0.286,-0.164
no_recovery:CupRap | corpus callosum / WM | NoRecov_CupRap3 (n=6547),-0.373,-0.315,-0.248,-0.212,-0.33,-0.178,-0.261,0.274,0.102,1.0,0.493,0.44,0.021,0.078,0.069
no_recovery:CupRap | corpus callosum / WM | NoRecov_CupRap1 (n=12389),-0.53,-0.5,-0.373,-0.272,-0.261,-0.074,0.013,-0.003,0.005,0.493,1.0,0.652,0.107,0.279,0.053
no_recovery:CupRap | corpus callosum / WM | NoRecov_CupRap2 (n=4363),-0.475,-0.486,-0.372,-0.438,-0.388,-0.089,-0.157,0.077,-0.029,0.44,0.652,1.0,0.057,0.392,0.411
no_recovery:CupRap | striatal bundles | NoRecov_CupRap3 (n=200),-0.369,-0.37,-0.093,-0.07,-0.171,-0.11,-0.041,-0.318,-0.289,0.021,0.107,0.057,1.0,0.487,0.367
no_recovery:CupRap | striatal bundles | NoRecov_CupRap1 (n=110),-0.547,-0.573,-0.19,-0.287,-0.298,0.021,0.04,-0.27,-0.286,0.078,0.279,0.392,0.487,1.0,0.545
no_recovery:CupRap | striatal bundles | NoRecov_CupRap2 (n=88),-0.294,-0.43,-0.176,-0.42,-0.407,-0.034,-0.053,-0.151,-0.164,0.069,0.053,0.411,0.367,0.545,1.0
