sample_id,condition,experiment,n_striatal_cells,C7_in_striatum,C7_in_striatum_pct,N5_in_striatum,N5_in_striatum_pct,C7_outside_striatum
Recov_Cntl1,Control,recovery,33199,7,0.021084972438928883,1,0.0030121389198469834,5164
Recov_Cntl2,Control,recovery,38480,8,0.02079002079002079,1,0.002598752598752599,4336
Recov_CupRap1,CupRap,recovery,36915,366,0.9914668833807395,3973,10.76256264391169,13952
Recov_CupRap2,CupRap,recovery,38567,494,1.2808878056369435,5397,13.993828921098348,11305
NoRecov_Cntl1,Control,no_recovery,22019,38,0.17257822789409147,1,0.004541532313002407,4805
NoRecov_Cntl2,Control,no_recovery,28337,37,0.13057133782686947,3,0.010586865229205633,3385
NoRecov_Cntl3,Control,no_recovery,29154,24,0.08232146532208273,2,0.006860122110173561,5686
NoRecov_CupRap1,CupRap,no_recovery,24030,32,0.13316687473990846,319,1.3275072825634624,19892
NoRecov_CupRap2,CupRap,no_recovery,37586,44,0.11706486457723621,287,0.7635821848560634,7508
NoRecov_CupRap3,CupRap,no_recovery,39606,64,0.16159167802858151,497,1.2548603746907034,13731
