cell_type,Recov_Cntl1,Recov_Cntl2,Recov_CupRap1,Recov_CupRap2,NoRecov_Cntl1,NoRecov_Cntl2,NoRecov_Cntl3,NoRecov_CupRap1,NoRecov_CupRap2,NoRecov_CupRap3,Inf_BSA1,Inf_BSA2,Inf_BSA3,Inf_BSA4,Inf_BSA5,Inf_BSA6,Inf_OSM1,Inf_OSM2,Inf_OSM3
Astrocyte,11667,9558,10498,9176,11605,10595,9417,12138,11462,14383,12285,10997,10931,8764,9399,9705,10384,9640,9457
Astrocyte Gfap-high / qNSC,813,923,2590,1628,924,740,915,892,820,1624,2078,1926,1905,2695,2301,2549,4094,4068,3937
Choroid plexus,42,0,201,1,2284,2593,1433,3458,800,2216,967,878,818,789,755,799,864,821,840
Endothelial,10225,8780,9143,7937,8641,8628,7938,9307,10194,11787,10733,9850,9679,9721,8529,8778,14410,13786,13073
Ependymal,1133,1560,1494,748,3151,2088,1819,4715,1610,3381,975,960,985,1136,820,762,1281,1304,1228
Excitatory neuron,26217,23750,24118,22938,27801,28434,27836,30382,27216,37650,39853,38021,36452,39391,43833,45340,40740,38374,35288
Inhibitory neuron,4774,4700,4404,4340,4377,4599,4571,5134,5637,6477,7640,7182,6907,6786,5559,5938,7117,6746,6300
Lesion glia (Gfap+ Olig2+),26,29,104,119,59,54,34,8216,4752,7599,63,52,58,198,98,110,224,241,254
Microglia,3991,3343,19981,21019,3861,4162,3552,17511,10235,14004,3749,3474,3327,6021,4262,4664,10814,10527,10211
Neuroblast,3942,3963,3520,3990,702,1887,2002,203,3447,1943,23,14,13,32,8,8,12,6,11
Neuron (other),8097,5973,7827,7250,9617,6846,6696,9726,8061,9079,9409,8587,8741,8304,10478,10717,10401,10095,10013
OPC,3147,2454,4196,3514,3542,2667,2974,4139,3473,5225,3972,3586,3559,3548,3678,3700,4868,4539,4524
Oligodendrocyte,14954,12108,9612,6849,14839,13365,13999,2194,290,3880,22913,20835,20562,16404,17700,18840,26613,26226,25567
Pericyte-VSMC,1899,1708,1589,1400,1789,2052,1744,1901,1865,2166,2255,2107,2122,1797,2025,2039,1721,1627,1539
Striatal MSN,20194,24529,21314,22313,13107,16842,17976,15227,24356,24269,8314,7520,7097,7029,3573,3432,7665,6987,7117
VLMC-Fibroblast,5384,5485,3981,4624,5467,5049,5200,6313,5770,6856,5517,5081,5014,5473,5206,5052,7534,6741,6910
