sample_id,Astrocyte,Astrocyte Gfap-high / qNSC,Choroid plexus,Endothelial,Ependymal,Excitatory neuron,Inhibitory neuron,Lesion glia (Gfap+ Olig2+),Microglia,Neuroblast,Neuron (other),OPC,Oligodendrocyte,Pericyte-VSMC,Striatal MSN,VLMC-Fibroblast
Recov_Cntl1,0.10014162482296897,0.006978241277198404,0.0003604995493755633,0.0877644736277413,0.009724904510536028,0.2250289687137891,0.04097678211235569,0.00022316638770868204,0.03425604051328269,0.03383545770567787,0.06949916312604609,0.027011716235354706,0.12835500622290888,0.016299729625337968,0.1733316166688125,0.04621260890090554
Recov_Cntl2,0.0877984255440324,0.0084785464299165,0.0,0.08065182844492619,0.014329937628027888,0.21816411452927073,0.04317353003316095,0.0002663898661620569,0.030708321468267456,0.03640355308966316,0.05486712657192986,0.02254209419178233,0.11122236205138569,0.015689444531199765,0.2253198974858308,0.05038442813444421
Recov_CupRap1,0.08427254920848987,0.020791189031242975,0.0016135247086022542,0.07339530552612145,0.011993064251998845,0.1936069100600456,0.03535304883922551,0.0008348585556946987,0.16039720001284397,0.02825675111582057,0.06283113380213852,0.03368333172783611,0.07716019651286003,0.012755675432681501,0.17109783900073852,0.03195742221365957
Recov_CupRap2,0.07786433141557626,0.013814639444699014,8.485650764557135e-06,0.06735061011828997,0.006347266771888736,0.19464385723741154,0.03682772431817796,0.0010097924409822989,0.1783598934202264,0.03385774655058296,0.06152096804303922,0.02981857678665377,0.05811822208645181,0.011879911070379988,0.18934032550956334,0.039237649135312185
NoRecov_Cntl1,0.10383300824937816,0.008267272694737218,0.0204355528514933,0.07731331531950683,0.028192831451425298,0.24874290929262924,0.03916217812214806,0.0005278886244475064,0.034545389474437666,0.006280979904443212,0.08604584578494354,0.03169121199649267,0.13276846268095843,0.016006656765026932,0.11727180001073671,0.04891469677719521
NoRecov_Cntl2,0.09579479389878934,0.006690717082124031,0.023444634316145425,0.07801014457373803,0.018878671983074295,0.2570862831258307,0.04158190251444381,0.00048824151680364555,0.037630762832162455,0.01706132855941628,0.06189817451921773,0.024113706024357827,0.12083977540890227,0.01855317763853853,0.1522771041853148,0.04565058182114086
NoRecov_Cntl3,0.08710894862449818,0.008463915046343404,0.013255508482415407,0.07342793184467097,0.016826078108523115,0.25748802101640983,0.042282574510202946,0.00031450613286959097,0.03285664070449374,0.018518861117791798,0.06193920781455239,0.027510036445710692,0.12949327511886483,0.016132314580134314,0.16628124248422843,0.04810093796829038
NoRecov_CupRap1,0.09233507789678676,0.006785540408958131,0.026305379746835444,0.07079935491723466,0.035867514605647514,0.23111915774099318,0.03905489289191821,0.0625,0.13320806962025317,0.0015442429406037,0.07398673320350535,0.03148582035053554,0.01668999513145083,0.014461112463485882,0.11583343476144109,0.048023673320350534
NoRecov_CupRap2,0.09552621928859553,0.006834016735006834,0.006667333400006668,0.08495849584958495,0.013418008467513417,0.22682268226822683,0.04697969796979698,0.039603960396039604,0.0853001966863353,0.028727872787278726,0.06718171817181719,0.028944561122778944,0.0024169083575024167,0.015543220988765543,0.202986965363203,0.048088142147548085
NoRecov_CupRap3,0.09429064042638276,0.010646457627229758,0.014527432328781491,0.07727204190403765,0.02216482342220678,0.24682212417807906,0.04246127219924085,0.04981676817076289,0.09180602993332852,0.012737726089721317,0.05951920492464222,0.03425353516149968,0.025436117976386365,0.014199647303312595,0.15910029566209297,0.04494588269229508
Inf_BSA1,0.09396080950851268,0.015893411653128967,0.007396019763510929,0.08209046548269164,0.007457207103850214,0.30481238431768465,0.05843391002401603,0.0004818503051718599,0.02867391736649687,0.00017591360347544093,0.07196396065654016,0.030379514478454408,0.17524819114925122,0.01724718155813562,0.06358894344760069,0.04219631958147859
Inf_BSA2,0.09083175022714132,0.01590815230858181,0.007252002973486413,0.0813578921285207,0.007929297100850748,0.31404146361608987,0.05932105393573966,0.0004295035929627488,0.028694143883703643,0.00011563558272074007,0.07092591063021393,0.029619228545469563,0.17209052614190137,0.01740315519947138,0.06211282728999752,0.04196745684314859
Inf_BSA3,0.0925023271557925,0.016120842853516122,0.006922230684606922,0.0819074215113819,0.008335448929508335,0.30847084708470845,0.05844969112295845,0.0004908183126004908,0.028154353896928153,0.00011001100110011001,0.07396970466277397,0.030117627147330118,0.174003554201574,0.017957180333417956,0.06005754421596006,0.04243039688584243
Inf_BSA4,0.07421583903529572,0.022821963281620488,0.0066814578958065175,0.08231996477203442,0.009619944448208117,0.333573267393808,0.057465618860510805,0.0016767156696700766,0.0509873992276946,0.00027098435065374974,0.07032043899464806,0.030045389878734504,0.13891335275387848,0.015217464941399634,0.05952340627328772,0.046346792222749136
Inf_BSA5,0.07950162403572879,0.019463053187170117,0.006386182162674245,0.07214271213966707,0.006935985925023684,0.37076228177019893,0.04702090946000812,0.0008289349032345379,0.036050209771281636,6.766815536608472e-05,0.08862836649072946,0.03111043442955745,0.14971579374746244,0.017128501827040194,0.030222289890377587,0.04403505210447963
Inf_BSA6,0.0792678444537012,0.02081955028464548,0.00652601831205639,0.07169635637450687,0.006223812207493078,0.3703249940783939,0.04849999591613372,0.0008984505811341713,0.038094304640088866,6.534186044612155e-05,0.08753358980013558,0.030220610456331218,0.15388008135061626,0.01665400668120523,0.028031658131386146,0.04126338487172576
Inf_OSM1,0.0698121579647981,0.02752416936709201,0.005808715762864557,0.09687915988759059,0.008612227884524882,0.2738970835406274,0.0478479514864665,0.0015059633459278481,0.07270306974492746,8.06766078175633e-05,0.06992644982587298,0.032727810571324845,0.178920546987401,0.011570370171168869,0.05153218324346855,0.05065146360812682
Inf_OSM2,0.06801761119891624,0.028702867464438925,0.005792786181982389,0.09727082862948747,0.009200722510724768,0.2707580717995033,0.047598216301648226,0.0017004402799729059,0.07427607812147212,4.2334612779408445e-05,0.0712279860013547,0.03202613456762249,0.18504459245879432,0.011479735832016256,0.049298656581621136,0.047562937457665384
Inf_OSM3,0.0693994965839626,0.02889138395379727,0.006164278008938203,0.09593524572720134,0.009011587374971564,0.25895838378501346,0.04623208506703652,0.0018639602550836948,0.07493266993960475,8.072268821228599e-05,0.0734796615517836,0.03319904013385289,0.187621542683956,0.011293837923518922,0.05222757927334904,0.05070852504971784
