,Oligodendrocyte,OPC,COP-NFOL,Astrocyte,Microglia,Microglia activated / DAM,Endothelial,Pericyte-VSMC,VLMC-Fibroblast,Ependymal,Choroid plexus,Astrocyte Gfap-high / qNSC,NSC (activated)-TAP,Neuroblast,Excitatory neuron,Inhibitory neuron,Striatal MSN,T cell-lymphocyte,Neuron (other)
0,-1.432259,-0.7003004,-0.94780755,0.20755832,-0.5233802,-0.63145846,2.9995573,-0.49963704,0.4209012,-0.5750383,-0.988129,0.49632573,0.03822064,-0.2918086,0.04012787,-0.12200663,-1.8837237,-0.27583602,-0.068912275
1,-1.4607315,-1.6292604,-1.2001584,-1.2869029,-1.475293,-1.0699295,-1.0218807,-1.0962995,-1.426823,-0.4661914,-1.74235,-1.211353,-0.24756883,-0.09993798,2.3690364,-0.35001922,-2.8142147,-0.8135855,2.729145
2,-1.2987332,0.7409368,-0.97510254,0.07904026,-0.39692178,-0.5929219,1.7320894,1.8833698,0.5656964,-0.56304985,-0.6571031,0.65544695,0.08782333,-0.29479468,-0.13904774,-0.20962358,-0.7150932,-0.22712056,0.33766338
3,-2.720052,-2.3235993,-1.4353483,-1.456555,-1.4974757,-0.9061465,-1.097577,-1.1586685,-0.3520429,-0.8040905,-1.4896919,-0.90323067,0.096583396,0.2873995,0.13055216,-0.35534123,-1.0031868,-0.7805421,1.2305131
4,-2.7260716,0.1741182,-1.3762393,0.4954976,0.09866315,1.1621305,1.833752,2.7617788,3.8202069,-0.563844,-0.7963344,0.6287218,0.4838973,-0.27759317,-0.522377,-0.60738957,-1.4977113,-0.15094686,-0.69700325
5,-1.8421384,-1.0207843,-1.0431913,-0.059227306,-0.6163854,-0.7617488,2.9608395,-0.5355206,0.0002692143,-0.60975415,-0.3289365,0.71445584,0.13626765,0.10991666,-0.23526536,-0.3338474,1.0082322,-0.27322698,-0.5023903
6,-1.8313099,-0.26901978,-1.1064347,2.1991322,-0.8611271,-0.78025126,-0.829207,-0.7721754,-0.47264072,-0.5916349,-1.2135445,0.31313825,0.6572829,-0.17668718,1.1195227,0.0012030378,-1.5666739,-0.2992973,0.3754276
7,-1.9142027,-1.334535,-0.8915044,0.21468718,-1.356443,-0.80556035,-0.9616005,-1.1236366,-1.2070636,0.15312661,-0.77405626,-0.72679377,-0.20475817,0.36198035,0.9091077,-0.6797995,-2.1638653,-0.74225426,3.0827363
8,-2.0003977,-1.4501476,-1.1766168,-0.99007565,-1.3505439,-0.43142763,-1.0814298,-1.1284457,-1.4353329,-0.7851903,-1.5462244,-1.0769742,-0.18602778,0.26577768,1.8864603,-0.35295996,-2.9886525,-0.6619679,2.2934492
9,-0.76971817,-0.16929542,-0.17611977,0.34771678,3.186388,3.1776626,-0.13033031,-0.79961896,0.119560756,-0.30728236,-0.8206632,0.8410333,0.78973144,0.20553315,-0.9039903,-0.47642973,-0.86664706,1.1031935,-1.041458
10,-0.41480732,-0.35008407,-0.5154714,2.1965542,-0.451231,-0.010561724,-0.82566375,-0.7779842,0.33141527,0.26974455,-0.91885805,2.5046628,0.9346836,0.49225363,0.63863474,-0.5237978,-1.6075994,-0.41392446,-0.39534384
11,-1.7141012,-1.0113118,-0.93356955,-0.26160905,3.1805365,2.2811081,0.098716974,-0.918595,-0.643565,-0.7420768,-1.4750739,-0.2871306,-0.030164488,-0.4063747,0.611698,0.053580906,-1.7338523,1.3979033,0.3346785
12,-2.2455084,-1.7156094,-1.328131,-1.4494015,-1.2823411,-0.36820662,-1.0498087,-1.054294,-1.0800022,-0.7598503,-1.6819901,-1.3005389,0.06620378,1.3045994,0.05924471,2.7011745,-1.1229811,-0.54803085,2.1022944
13,-3.0719507,-2.271552,-1.4614937,-1.6172668,-1.1426862,-1.113871,-1.1428567,-1.1608468,-1.1625487,-0.8828378,-1.9364872,-1.1880727,-0.29864576,0.19575922,1.9202102,-0.23395823,-1.7867922,-0.73321897,1.7009425
14,-2.2477844,-1.7411126,-1.4003077,-1.040363,-1.3425945,-1.0678946,-1.0083067,-1.0644952,-0.5516231,-0.9214254,-1.558124,-0.9637181,0.086597025,-0.039330993,2.0532265,-0.030866884,-1.8313208,-0.5023733,1.4298178
15,-1.9986943,-1.6130389,-1.2903452,-1.2575942,-1.00345,-0.92119664,-1.0460949,-0.95961434,0.6448483,-0.78748983,-1.5742824,-1.1268519,0.016269727,-0.026940247,2.03917,-0.24132301,-1.6568838,-0.08617743,1.7628098
16,-1.807892,-1.4585028,-1.2121277,-1.1050313,-0.87973213,-0.8330681,-1.0356268,-0.5598106,0.6800675,-0.82336384,-1.4603229,-0.9894693,0.07359079,-0.03549194,2.0665903,-0.3480115,-1.6101576,0.40300694,1.7020943
17,-2.7146835,-1.988184,-1.2365828,-2.0241382,-1.3766454,-0.4833838,-1.1020522,-1.101892,-0.5631371,-0.9527642,-1.660116,-1.4471188,0.23408274,0.4954822,0.9381318,-0.43193796,-0.2470432,-0.76961225,2.2188098
18,-2.4066513,-1.5604166,-1.2265127,-1.286321,-1.2049048,0.38190618,-1.0392698,-1.0297133,-0.8245988,-0.88463306,-1.6219661,-1.1597632,0.6294771,1.8460771,0.10690693,2.9224453,-1.2144653,-0.60536504,1.682409
19,-1.901589,-1.1799122,-1.0644771,-0.56017375,-1.1156193,-0.592109,-1.0141802,-0.8690257,-1.2478256,-0.39104092,-0.5133752,-0.750669,0.071050994,1.3973824,-0.15720232,1.6042153,-1.3572793,-0.5822521,1.7896254
20,-1.7858601,-1.5324184,-1.1265144,-1.4130931,-0.9149437,-0.73046184,-1.0316229,-0.80506897,-0.30904302,-0.63199466,-1.5474107,-0.996677,0.33654007,0.029132674,2.2267568,-0.45760596,-1.979866,-0.4379991,1.7082242
21,-2.7297637,-1.8555975,-1.3454444,-1.371924,-1.192195,-1.0304497,-1.0328715,-1.057712,-0.014944633,-0.928267,-1.5988959,-1.1378951,-0.118338935,0.13735265,1.7650644,-0.07512239,-1.0209724,-0.64581555,1.4201683
22,-2.185178,-1.7513981,-1.2910051,-1.1848735,-0.9456368,-0.95504206,-0.7184561,-0.87697726,-0.16040345,-0.8104369,0.31503773,-0.6227935,-0.008432581,0.9097677,0.35218456,0.8725675,2.2119608,-0.5102719,0.9353944
23,-1.7603517,-1.3295243,-1.1308033,-1.1838826,-1.0171921,-0.8733581,-0.918631,-0.920109,-0.36856124,-0.6967775,-0.36274058,-1.1289576,0.041522373,1.1235635,0.69293624,1.3121148,0.9676536,-0.5948421,1.2972478
24,-1.1959349,0.13249977,-0.96714777,2.3588536,-0.7609694,-0.5367143,-0.83799046,-0.6378385,-0.19050948,0.1924221,0.15537931,0.62350345,0.6335241,-0.013781023,0.26444194,-0.1413192,-1.522693,-0.46856102,0.29477125
25,-1.7620873,-1.4136692,-1.3023728,-1.0486803,-1.3671522,-0.14951201,-1.0304071,0.17005777,-1.4570942,-0.78406996,-1.9085732,-0.9828622,0.12726991,1.3687428,-0.9426646,2.9505825,-2.9432707,-0.76818985,2.3537564
26,0.004546682,3.376138,2.259307,0.16582951,-0.39820626,-0.24298675,-0.86588573,-0.8417694,-0.9173784,-0.5217264,-0.8081795,-0.053182006,1.3225085,0.12396946,-0.2414955,-0.20185769,-0.9344724,-0.32795092,-0.21167415
27,2.5920837,0.958813,0.3412409,-0.18018092,-0.93080026,-0.89004534,-0.9676755,-0.74738455,-1.3621622,-0.39796898,-1.0246861,-0.91593266,0.1385511,0.28457293,-0.20257969,0.29980007,-1.7415308,-0.5769515,0.40237224
28,3.0379162,1.3819284,1.6203815,-0.23283334,-0.16504876,-0.3895569,-0.48155355,-0.68433565,-0.9528578,-0.25324237,-1.0881348,0.55522245,0.3161523,0.2524724,-1.2309816,-0.56611025,-2.110917,-0.34791026,-1.519714
29,-2.245795,-1.3089805,-1.0819564,-0.8399971,-1.0728594,-0.7472022,-1.0381571,-0.8637114,-0.93937427,-0.16825314,0.4947341,-0.5828646,0.030740095,3.1371348,-0.5493632,1.4166325,-1.7497219,-0.6019837,1.6259837
30,2.3869178,0.57223266,0.5754787,-0.8605023,-1.0221897,-0.9742799,-0.953507,-0.9041486,-0.65726715,-0.64812636,-1.6023741,-1.0620761,0.1760143,0.08211535,0.7838864,0.07937757,-1.7195143,-0.24947833,0.57935476
31,0.20342767,1.5507702,0.5246577,0.72901815,0.4325676,0.5016411,-0.5373817,-0.094017036,-0.58973086,0.7067397,0.78889894,1.3794184,1.2678996,0.5979162,-0.19245918,-0.014698361,-0.35381007,0.20186114,-0.40128443
32,-2.1862843,-1.5895638,-1.2152009,-1.353211,-1.0723497,-0.41627946,-1.0464127,-0.90631706,-1.4209408,-0.7459347,-0.83826685,-0.80211544,0.4875579,1.1985768,-0.6587383,2.0736945,0.17620122,-0.57295054,1.9048126
33,-1.7469001,-0.7925274,-1.0489775,2.1028163,-0.71712464,-0.75294274,-0.77150816,-0.72559863,-0.7406659,-0.27840558,-0.051217556,1.0703536,0.7490652,0.5345166,0.8277562,-0.15421563,0.7469862,-0.35622612,-0.06663297
34,-1.9766377,-1.6524719,-1.1646217,-0.47974,-0.7326038,-0.626236,-0.44492412,-0.8409398,-0.090493955,-0.7366436,0.19271564,-0.09388775,0.08930818,0.25173768,0.4793477,0.7268174,1.9970015,-0.25510702,0.95950854
35,-2.1489534,-1.0689179,-1.1429454,1.6378803,-0.6663913,0.60237956,-0.5163435,0.29042104,-0.019721627,3.934474,2.9310808,1.8407735,1.820518,2.9380152,-0.047282767,-0.08133774,-0.96015686,-0.41696835,-0.22935648
36,-1.8278824,-1.1973872,-1.079281,-0.7402413,-1.1280135,-0.5865498,-1.0215377,-0.96349305,-1.0906464,-0.18226178,-0.7813859,-0.9741809,0.06765575,0.5887985,1.0335625,0.12749946,-0.91951174,-0.5950428,2.112249
37,-2.2176046,-1.8109659,-1.3590882,-1.5894284,-1.302936,-0.95742637,-1.0903877,-0.9482295,0.2622132,-0.914808,-1.6556096,-1.3321453,0.03441928,0.08830428,1.9684973,0.4486204,-2.2157469,-0.633423,2.0662503
38,2.476433,0.5436087,0.81692713,-0.8395166,-0.6298223,-0.9753383,-0.7730194,-0.86315733,-1.0323647,-0.5763617,-0.5802136,-0.5853911,0.08478794,0.5093732,-0.35299847,-0.16700149,1.1281395,-0.3928416,-0.33502936
39,-2.6270044,-1.7106785,-1.2697442,-1.4332262,-1.2339033,-0.5481344,-1.0750297,-1.0884843,-1.2574235,-0.57455224,0.6080684,-1.2905763,0.90372586,1.4471327,0.93571955,1.4093113,0.083521724,-0.67960954,1.9192021
40,-3.1316204,-0.7780857,-1.468842,-1.1322112,-0.7836442,1.0550207,1.5359001,0.38617274,1.6818199,2.9011688,4.71573,-1.0467609,0.3822426,0.16860272,-0.38339427,-0.8100441,-1.3847052,-0.47411835,-0.8395864
41,-1.8468971,-0.9551942,-0.95417666,-1.034897,-0.7504654,-0.6768845,-0.7533342,-0.64674526,-1.3939948,-0.4898071,-0.6111935,-0.85049087,0.26578465,0.67286825,0.98857546,-0.38875625,-1.8513705,-0.46336377,3.2335258
42,-2.642273,-1.693251,-1.2423489,-1.9854031,-1.0786963,-1.2256862,-1.0904838,-1.3419169,-0.8673301,-1.05648,-1.854607,-1.6046647,0.08161027,0.56463593,2.2649415,-0.29848424,-2.157682,-0.82707065,2.320708
43,-2.0830767,-1.6022335,-1.2539853,-1.4981197,-1.007174,-0.79653144,-1.0582453,-0.8865226,0.3282723,-0.8302056,-1.5538862,-1.2653091,-0.15742058,0.6240301,2.1884696,-0.30180123,-1.9313264,-0.5311259,2.0349512
44,-1.9705802,-1.4927025,-1.2536519,-1.1514341,-1.0713283,-0.9165576,-0.9578948,-0.48278257,-0.51659405,-0.8193398,-1.3970643,-1.1666907,0.4113748,0.22744818,2.517332,0.26238295,-2.2870808,-0.3216456,2.4147475
45,-2.0689523,-1.5977558,-1.4588325,-1.4955716,-1.5334272,-1.1255928,-1.0571121,-1.0355729,-0.7965891,-0.9404447,-1.7838393,-1.3527379,0.69809914,-0.00121665,1.3003172,0.9038722,-2.1604805,-0.60128516,1.3004713
46,-1.9280266,-1.4054993,-1.3615079,-1.0302596,-1.3829166,-0.9812712,-0.9822173,-1.0887592,-0.18189673,-0.85442406,-1.6427237,-1.2783579,0.2647051,-0.059143048,2.6202962,0.33729324,-0.84494543,-0.71354645,2.3951373
