sample_id,n_cells_raw,n_genes_panel,neg_probe_rate,neg_codeword_rate,median_transcripts_per_cell,median_genes_per_cell,region_area_um2,panel,n_cells_qc,frac_removed,median_transcripts_qc,median_genes_qc,median_cell_area_qc,gsm,condition,experiment,replicate
Recov_Cntl1,118939,348,0.0041342062619482,0.0007351145367286,357,102,65954514.94468749,XCP0021_mBrain_100g_gene_panel,116505,0.02046427160140918,281.0,86.0,350.36734375000003,GSM8253804,Control,recovery,1
Recov_Cntl2,111183,348,0.0032889512103463,0.0006487847407457,335,97,62922798.466249995,XCP0021_mBrain_100g_gene_panel,108863,0.02086649937490448,263.0,81.0,341.06515625000003,GSM8253805,Control,recovery,2
Recov_CupRap1,127215,348,0.0030261292073757,0.000735635809866,323,95,59860512.24515624,XCP0021_mBrain_100g_gene_panel,124572,0.02077585190425657,250.0,79.0,284.89078125000003,GSM8253806,CupRap,recovery,1
Recov_CupRap2,120337,348,0.0028380072480481,0.0006650975349495,302,92,55955502.430468746,XCP0021_mBrain_100g_gene_panel,117846,0.02070020027090591,237.0,77.0,269.2215625,GSM8253807,CupRap,recovery,2
NoRecov_Cntl1,116173,347,0.0154780464969786,0.0005514439084275,228,84,60148333.39609374,mBrain_100g,111766,0.03793480412832584,215.0,78.0,177.91563145816326,GSM8647384,Control,no_recovery,1
NoRecov_Cntl2,116358,347,0.0127853643746117,0.000567727474022,214,80,56245199.37203124,mBrain_100g,110601,0.049476615273552293,205.0,75.0,174.98047510161996,GSM8647385,Control,no_recovery,2
NoRecov_Cntl3,110739,347,0.0100779749374297,0.0005721312390074,210,77,59695983.55171874,mBrain_100g,108106,0.023776627926927252,197.0,72.0,179.0219596233219,GSM8647386,Control,no_recovery,3
NoRecov_CupRap1,135899,347,0.0166803035287883,0.0006211154827934,196,79,51459658.03546874,mBrain_100g,131456,0.03269339730240839,183.0,74.0,158.13719324022532,GSM8647387,CupRap,no_recovery,1
NoRecov_CupRap2,122729,347,0.0134054560617273,0.0005866462196973,217,82,51474299.407656245,mBrain_100g,119988,0.02233375974708507,202.0,76.0,168.47797486558557,GSM8647388,CupRap,no_recovery,2
NoRecov_CupRap3,159849,347,0.0179273440449484,0.0006581168317326,221,86,57560561.3325,mBrain_100g,152539,0.04573065830877887,209.0,80.0,155.5181306451559,GSM8647389,CupRap,no_recovery,3
Inf_BSA1,133619,347,0.0027014158350922,0.0006390275930249,208,73,52360999.81515624,mBrain_100g,130746,0.02150143317941311,196.0,69.0,168.47797486558557,GSM8647390,BSA_infused,infusion,1
Inf_BSA2,123765,347,0.0043259446024828,0.0006368336648607,207,74,50639843.29125,mBrain_100g,121070,0.02177513836706657,195.0,69.0,169.335943646729,GSM8647391,BSA_infused,infusion,2
Inf_BSA3,121071,347,0.0056568724546507,0.0006784962154245,213,75,51493762.067499995,mBrain_100g,118170,0.02396114676512129,202.0,70.0,170.55516244098544,GSM8647392,BSA_infused,infusion,3
Inf_BSA4,121843,347,0.0032244604906053,0.0008031769628627,119,55,51029530.71062499,mBrain_100g,118088,0.030818348202194645,113.0,51.0,166.03953727707267,GSM8647393,BSA_infused,infusion,4
Inf_BSA5,120877,347,0.0005381037707947,0.0006137247079514,243,80,53640198.5734375,mBrain_100g,118224,0.021947930540963112,229.0,75.0,163.55594343692064,GSM8647394,BSA_infused,infusion,5
Inf_BSA6,125103,347,0.0006474006487163,0.0006265890130398,247,81,53640060.711406246,mBrain_100g,122433,0.021342413850986786,232.0,76.0,164.05266220495105,GSM8647395,BSA_infused,infusion,6
Inf_OSM1,152129,347,0.0063119370800368,0.000756077347543,206,75,57523030.93453124,mBrain_100g,148742,0.022263999631891407,194.0,70.0,159.35641203448176,GSM8647396,OSM_infused,infusion,1
Inf_OSM2,144934,347,0.0078457262723685,0.0008207545657076,206,75,55343727.361718744,mBrain_100g,141728,0.02212041342956106,195.0,70.0,160.93688084185123,GSM8647397,OSM_infused,infusion,2
Inf_OSM3,139480,347,0.0109112219412702,0.0008444576548722,212,78,51886638.195468746,mBrain_100g,136269,0.02302122168052767,199.0,72.0,160.98203709349036,GSM8647398,OSM_infused,infusion,3
