experiment,region,metric,group1,group2,mean1,mean2,log2_ratio,p_welch
no_recovery,dorsal V-SVZ,pct Ependymal,CupRap,Control,36.47238299072109,40.44141828755417,-0.14902524776731194,0.1964825601051933
no_recovery,dorsal V-SVZ,pct Astrocyte Gfap-high / qNSC,CupRap,Control,4.389459137705395,9.2156191349229,-1.0698658151387082,0.008801642489022809
no_recovery,dorsal V-SVZ,pct Astrocyte,CupRap,Control,2.150230596831689,3.6496939473660652,-0.7630085469651935,0.30462826805155135
no_recovery,dorsal V-SVZ,pct Neuroblast,CupRap,Control,5.9366171295443415,4.532909334761199,0.3891285266260146,0.7529077624870442
no_recovery,dorsal V-SVZ,pct OPC,CupRap,Control,3.7087789820721504,2.2715176960933676,0.707041709070273,0.13807714687532577
no_recovery,dorsal V-SVZ,pct Oligodendrocyte,CupRap,Control,7.924085487926308,30.776232465894036,-1.9573651054286973,0.02537856484181099
no_recovery,dorsal V-SVZ,pct Microglia,CupRap,Control,20.95484940602071,2.5653882113770976,3.02954167452979,0.018098533164814815
no_recovery,dorsal V-SVZ,pct Lesion glia (Gfap+ Olig2+),CupRap,Control,12.006662687979558,0.449892926404607,4.7350266679017095,0.04009977428091727
no_recovery,dorsal V-SVZ,pct Endothelial,CupRap,Control,2.437042354537221,1.9834219024371722,0.2970044034590171,0.3754246369116921
no_recovery,dorsal V-SVZ,pct Striatal MSN,CupRap,Control,0.5747148855528419,0.6274354793756097,-0.1264101179610286,0.9135920295413107
no_recovery,dorsal V-SVZ,microglia mean Cybb,CupRap,Control,1.020675798257192,0.13623342166344324,2.896233686212439,0.09666021463770666
no_recovery,dorsal V-SVZ,microglia mean H2-Eb1,CupRap,Control,0.05153036800523599,0.05422929798563322,-0.0722820981347982,0.9534251371032935
no_recovery,dorsal V-SVZ,microglia mean Lgals3,CupRap,Control,1.803766171137492,0.2003300910194715,3.164177210672973,0.0006737280286858992
no_recovery,dorsal V-SVZ,microglia mean Spp1,CupRap,Control,6.334273974100749,0.08399056767423947,6.219960462409041,0.06895130627818688
no_recovery,dorsal V-SVZ,microglia mean Igf1,CupRap,Control,0.5682917137940725,0.01149425283074379,5.50983156657778,0.01645123995053541
no_recovery,dorsal V-SVZ,microglia mean Osm,CupRap,Control,0.10221433639526367,0.09636310053368409,0.0841963573528713,0.8958746890629138
no_recovery,dorsal V-SVZ,microglia mean Mki67,CupRap,Control,0.6449271738529205,0.16503389676411948,1.959893708968272,0.13310466671451435
no_recovery,dorsal V-SVZ,pct progenitors Mki67+,CupRap,Control,15.31489355139307,10.74447190445857,0.5113006959084414,0.28986156396255464
no_recovery,dorsal V-SVZ,pct progenitors Egfr+,CupRap,Control,34.17304473536392,32.8855620269163,0.05540281464834088,0.7070670270608788
no_recovery,dorsal V-SVZ,pct progenitors Ascl1+,CupRap,Control,25.547643341158288,30.735533680414402,-0.2667077893117587,0.09616136951268443
no_recovery,dorsal V-SVZ,pct OPC Gpr17/Enpp6+,CupRap,Control,83.49983653465033,90.27765342565236,-0.11259424882326441,0.34510355367134166
no_recovery,dorsal V-SVZ,oligodendrocyte mean Mbp,CupRap,Control,8.992743968963623,16.572764078776043,-0.8819075716970295,0.04375819280521468
no_recovery,lateral V-SVZ,pct Ependymal,CupRap,Control,38.098786041088225,43.224191960584996,-0.18208947488205027,0.3245662415678386
no_recovery,lateral V-SVZ,pct Astrocyte Gfap-high / qNSC,CupRap,Control,0.6318792097793459,1.9600415655418593,-1.631618033923295,0.33858681432027044
no_recovery,lateral V-SVZ,pct Astrocyte,CupRap,Control,6.9435182535152125,6.916025007603127,0.0057229445236792725,0.9466176032760647
no_recovery,lateral V-SVZ,pct Neuroblast,CupRap,Control,2.184978274363749,0.0,11.094063347326326,0.42264973081037427
no_recovery,lateral V-SVZ,pct OPC,CupRap,Control,1.7628300700126023,1.2741556944039643,0.4680381677044321,0.23630123861468552
no_recovery,lateral V-SVZ,pct Oligodendrocyte,CupRap,Control,0.18927771867521517,2.2779425464665457,-3.5821860153261906,0.1162430183536275
no_recovery,lateral V-SVZ,pct Microglia,CupRap,Control,1.5159812223220674,1.475767859587723,0.03876016796821695,0.8778821488556692
no_recovery,lateral V-SVZ,pct Lesion glia (Gfap+ Olig2+),CupRap,Control,2.037983564394668,0.20411517812238703,3.3133439887958303,0.009182588984790983
no_recovery,lateral V-SVZ,pct Endothelial,CupRap,Control,3.0221698392304037,2.7888401352354326,0.11587957626388824,0.6101554298979324
no_recovery,lateral V-SVZ,pct Striatal MSN,CupRap,Control,38.918196391605676,35.89610572729395,0.11661439278603146,0.39948925697693244
no_recovery,lateral V-SVZ,microglia mean Cybb,CupRap,Control,0.2617089847723643,0.21118012443184853,0.3081760212949393,0.7238871735255874
no_recovery,lateral V-SVZ,microglia mean H2-Eb1,CupRap,Control,0.0,0.011904762436946234,-3.6898316780709535,0.42264973081037416
no_recovery,lateral V-SVZ,microglia mean Lgals3,CupRap,Control,0.45396922528743744,0.23757763703664145,0.9313101438100518,0.1945910133135074
no_recovery,lateral V-SVZ,microglia mean Spp1,CupRap,Control,1.214307725429535,0.3804347788294156,1.6718133635599455,0.16035182733568948
no_recovery,lateral V-SVZ,microglia mean Igf1,CupRap,Control,0.051375612616539,0.06728778531153996,-0.3827323320889558,0.7582400533124936
no_recovery,lateral V-SVZ,microglia mean Osm,CupRap,Control,0.2554561992486318,0.047619049747784935,2.3991188441353395,0.15040033110285184
no_recovery,lateral V-SVZ,microglia mean Mki67,CupRap,Control,0.8284681439399719,0.3561076571544011,1.2158275062248556,0.0526110199247949
no_recovery,lateral V-SVZ,pct progenitors Mki67+,CupRap,Control,19.35629831375103,17.687685899281053,0.13005073707866563,0.7725236589013322
no_recovery,lateral V-SVZ,pct progenitors Egfr+,CupRap,Control,55.27623756161584,49.21777552796223,0.16747675326757627,0.2079723953409193
no_recovery,lateral V-SVZ,pct progenitors Ascl1+,CupRap,Control,23.530285971673678,32.40999910669088,-0.46190332889428865,0.16672045692937543
no_recovery,lateral V-SVZ,pct OPC Gpr17/Enpp6+,CupRap,Control,89.5299145299145,96.07843137254902,-0.10184168973346894,0.2324032208237147
recovery,dorsal V-SVZ,pct Ependymal,CupRap,Control,24.157253269916765,43.03145391002202,-0.8329089654866221,0.0878830209423735
recovery,dorsal V-SVZ,pct Astrocyte Gfap-high / qNSC,CupRap,Control,22.088287752675384,12.098434685857164,0.8684072582051889,0.16895046721087267
recovery,dorsal V-SVZ,pct Astrocyte,CupRap,Control,2.055588585017836,1.9145689364472824,0.1024802698707775,0.7821518936152203
recovery,dorsal V-SVZ,pct Neuroblast,CupRap,Control,0.5231866825208086,0.0651890482398957,2.9854162700921214,0.18799963649297638
recovery,dorsal V-SVZ,pct OPC,CupRap,Control,2.6605231866825205,1.8233508880162486,0.5448688966837675,0.27050393291325253
recovery,dorsal V-SVZ,pct Oligodendrocyte,CupRap,Control,13.926872770511297,32.879677644429876,-1.2392651028038348,0.04066849782073379
recovery,dorsal V-SVZ,pct Microglia,CupRap,Control,28.73216409036861,2.3057032258866563,3.63881256302821,0.05318729328382909
recovery,dorsal V-SVZ,pct Lesion glia (Gfap+ Olig2+),CupRap,Control,0.38347205707491083,0.12478380390139748,1.611932578069431,0.4355624766824018
recovery,dorsal V-SVZ,pct Endothelial,CupRap,Control,2.0719381688466108,2.240514177646761,-0.11279653981634813,0.49967851650031403
recovery,dorsal V-SVZ,pct Striatal MSN,CupRap,Control,2.5104042806183116,1.9593232770744335,0.3574027004213231,0.6221990164438639
recovery,dorsal V-SVZ,microglia mean Cybb,CupRap,Control,3.187272787094116,1.1067252028733492,1.5251750393588581,0.28492970808653834
recovery,dorsal V-SVZ,microglia mean H2-Eb1,CupRap,Control,0.8855877816677094,0.0833333358168602,3.3940885537425944,0.02688998543605465
recovery,dorsal V-SVZ,microglia mean Lgals3,CupRap,Control,2.3500943183898926,0.21052631735801697,3.4744233418148474,0.029223283992353195
recovery,dorsal V-SVZ,microglia mean Spp1,CupRap,Control,4.123649477958679,0.6637426689267159,2.6334036544696535,0.06132949807268844
recovery,dorsal V-SVZ,microglia mean Igf1,CupRap,Control,0.4522527605295181,0.0,8.824171996484628,0.04946743398627351
recovery,dorsal V-SVZ,microglia mean Osm,CupRap,Control,0.15609503537416458,0.1315789520740509,0.24478583358560949,0.8834418661956474
recovery,dorsal V-SVZ,microglia mean Mki67,CupRap,Control,0.06930062547326088,0.8552631586790085,-3.6064448235377187,0.43735939180739125
recovery,dorsal V-SVZ,pct progenitors Mki67+,CupRap,Control,13.386769085191062,16.48209671465485,-0.30007173771886186,0.6046355986807737
recovery,dorsal V-SVZ,pct progenitors Egfr+,CupRap,Control,62.49199855278172,54.56810631229236,0.19561014883342,0.33236843403220273
recovery,dorsal V-SVZ,pct progenitors Ascl1+,CupRap,Control,11.45250619242437,25.87670727205611,-1.1759204928474623,0.06580301340245555
recovery,dorsal V-SVZ,pct OPC Gpr17/Enpp6+,CupRap,Control,94.4927536231884,94.11764705882354,0.005738382966663214,0.9596564742731917
recovery,dorsal V-SVZ,oligodendrocyte mean Mbp,CupRap,Control,20.35934066772461,36.621206283569336,-0.8469570073960758,0.023411011110633605
recovery,lateral V-SVZ,pct Ependymal,CupRap,Control,28.63962104468434,32.38709508663538,-0.17740084176903892,0.7076231575171554
recovery,lateral V-SVZ,pct Astrocyte Gfap-high / qNSC,CupRap,Control,1.036890910308632,0.611676447338293,0.7604575171403946,0.35739693624529323
recovery,lateral V-SVZ,pct Astrocyte,CupRap,Control,11.19696056404917,10.317399290365676,0.11801682387023454,0.755387663877771
recovery,lateral V-SVZ,pct Neuroblast,CupRap,Control,10.628284046005565,12.48747019859193,-0.23255233691062127,0.6829180653162459
recovery,lateral V-SVZ,pct OPC,CupRap,Control,1.8153201697505494,1.4982593007076102,0.2767686118151539,0.40839883618507006
recovery,lateral V-SVZ,pct Oligodendrocyte,CupRap,Control,1.0088832873643,1.0045200609579932,0.00624670484786986,0.9894267740360824
recovery,lateral V-SVZ,pct Microglia,CupRap,Control,1.7093782916567726,1.383917058432448,0.30451587039734185,0.28951025308358797
recovery,lateral V-SVZ,pct Lesion glia (Gfap+ Olig2+),CupRap,Control,0.37932063248518944,0.12153217290218989,1.6340556045997803,0.14964953665363895
recovery,lateral V-SVZ,pct Endothelial,CupRap,Control,3.9244159497324054,3.4871294984057286,0.17039193289963006,0.5689295105566722
recovery,lateral V-SVZ,pct Striatal MSN,CupRap,Control,34.9696482607875,32.68829008728076,0.09732649346572982,0.48173283875730133
recovery,lateral V-SVZ,microglia mean Cybb,CupRap,Control,0.14827805757522583,0.2135416716337204,-0.523255778806799,0.734355448495458
recovery,lateral V-SVZ,microglia mean H2-Eb1,CupRap,Control,0.14827805757522583,0.0,7.221858308670677,0.42535746628899757
recovery,lateral V-SVZ,microglia mean Lgals3,CupRap,Control,0.32174745202064514,0.17604167014360428,0.8663167398491065,0.7039906272471341
recovery,lateral V-SVZ,microglia mean Spp1,CupRap,Control,0.8303571343421936,0.21562500298023224,1.940268593756252,0.3883708417394642
recovery,lateral V-SVZ,microglia mean Igf1,CupRap,Control,0.020408162847161293,0.05347222276031971,-1.3473597427180308,0.32644007697016963
recovery,lateral V-SVZ,microglia mean Osm,CupRap,Control,0.1183035746216774,0.11145833507180214,0.08524667701641682,0.9086881556144482
recovery,lateral V-SVZ,microglia mean Mki67,CupRap,Control,0.4569515287876129,0.751388892531395,-0.7162836441566283,0.5744197676398203
recovery,lateral V-SVZ,pct progenitors Mki67+,CupRap,Control,8.34855480043082,7.79917291289739,0.09819316916600282,0.8275372325764936
recovery,lateral V-SVZ,pct progenitors Egfr+,CupRap,Control,47.16282350866364,47.494399931076074,-0.010107110525837156,0.9182127872612877
recovery,lateral V-SVZ,pct progenitors Ascl1+,CupRap,Control,13.418090661157546,12.141595588868785,0.1442100676667488,0.802110957060335
recovery,lateral V-SVZ,pct OPC Gpr17/Enpp6+,CupRap,Control,87.03807390817471,92.37237237237238,-0.08581383259890871,0.3416652591348998
recovery,lateral V-SVZ,oligodendrocyte mean Mbp,CupRap,Control,16.24423122406006,15.136666774749756,0.1018734237253565,0.5230043152520016
infusion,dorsal V-SVZ,pct Ependymal,OSM_infused,BSA_infused,23.890998375355153,28.363676484365012,-0.24756788053689674,0.014627909223085132
infusion,dorsal V-SVZ,pct Astrocyte Gfap-high / qNSC,OSM_infused,BSA_infused,8.60269655098641,11.797222587203146,-0.4555409851763978,0.0957588015115286
infusion,dorsal V-SVZ,pct Astrocyte,OSM_infused,BSA_infused,1.6666888262633668,1.4872171734067126,0.16426504946855497,0.8646307262220937
infusion,dorsal V-SVZ,pct Neuroblast,OSM_infused,BSA_infused,0.007368110816386678,0.0,3.064901956889936,0.42264973081037427
infusion,dorsal V-SVZ,pct OPC,OSM_infused,BSA_infused,4.542382186516919,2.6291726914360867,0.7886091422636388,0.03771521844635468
infusion,dorsal V-SVZ,pct Oligodendrocyte,OSM_infused,BSA_infused,24.476527929405364,42.47030766125463,-0.7950306663172778,0.005704602041281156
infusion,dorsal V-SVZ,pct Microglia,OSM_infused,BSA_infused,12.337186677819993,3.345146708047947,1.8825577744246964,0.00013698973479715548
infusion,dorsal V-SVZ,pct Lesion glia (Gfap+ Olig2+),OSM_infused,BSA_infused,0.418044021445051,0.39682240844347527,0.07497726776288836,0.8522295512358902
infusion,dorsal V-SVZ,pct Endothelial,OSM_infused,BSA_infused,5.218442409607793,2.115076496855457,1.302503910354722,0.045084043258586344
infusion,dorsal V-SVZ,pct Striatal MSN,OSM_infused,BSA_infused,1.949293570700472,3.386718728101318,-0.7966227930625206,0.10586194514243856
infusion,dorsal V-SVZ,microglia mean Cybb,OSM_infused,BSA_infused,1.0722358226776123,0.4156591147184372,1.3650276695258206,0.0012799715313414446
infusion,dorsal V-SVZ,microglia mean H2-Eb1,OSM_infused,BSA_infused,0.41910404960314435,0.00828481869151195,5.499729144225873,6.8951354920119515e-06
infusion,dorsal V-SVZ,microglia mean Lgals3,OSM_infused,BSA_infused,1.4287435213724773,0.365624329696099,1.9633819348413089,0.026352776828669242
infusion,dorsal V-SVZ,microglia mean Spp1,OSM_infused,BSA_infused,1.9790186484654744,0.7778914744655291,1.3460197862306105,0.01128706505910614
infusion,dorsal V-SVZ,microglia mean Igf1,OSM_infused,BSA_infused,0.09032543003559113,0.05483915905157725,0.7097394275559787,0.25037556845211445
infusion,dorsal V-SVZ,microglia mean Osm,OSM_infused,BSA_infused,0.16825940211613974,0.1929109071691831,-0.19615797928822507,0.35466851589920567
infusion,dorsal V-SVZ,microglia mean Mki67,OSM_infused,BSA_infused,0.25672052303949994,0.028026570100337267,3.1503614154693165,0.06222018999905518
infusion,dorsal V-SVZ,pct progenitors Mki67+,OSM_infused,BSA_infused,16.706800566199977,3.6459233544347236,2.195770043183743,0.028107638195912
infusion,dorsal V-SVZ,pct progenitors Egfr+,OSM_infused,BSA_infused,45.79363026290516,44.05666020058456,0.05578556335904917,0.6195101113822132
infusion,dorsal V-SVZ,pct progenitors Ascl1+,OSM_infused,BSA_infused,26.68324773097726,32.89732655716334,-0.30202585993836467,0.35836560814282326
infusion,dorsal V-SVZ,pct OPC Gpr17/Enpp6+,OSM_infused,BSA_infused,73.66834376615468,70.48890792444429,0.0636476704807881,0.6409008177468598
infusion,dorsal V-SVZ,oligodendrocyte mean Mbp,OSM_infused,BSA_infused,15.97458585103353,21.42999728520711,-0.4238301488248511,0.011269901897714376
infusion,lateral V-SVZ,pct Ependymal,OSM_infused,BSA_infused,13.888284761490503,9.869096775760621,0.4928361732241554,0.7140190648432534
infusion,lateral V-SVZ,pct Astrocyte Gfap-high / qNSC,OSM_infused,BSA_infused,13.148153182543135,5.664024723696127,1.2148157341503465,0.04342975861586847
infusion,lateral V-SVZ,pct Astrocyte,OSM_infused,BSA_infused,0.7140785848919821,8.55155884451947,-3.5801824218879665,0.0008286492477939054
infusion,lateral V-SVZ,pct Neuroblast,OSM_infused,BSA_infused,0.0,0.0,0.0,
infusion,lateral V-SVZ,pct OPC,OSM_infused,BSA_infused,1.2623241989270697,2.596585689596058,-1.039946425408287,0.2813317254568325
infusion,lateral V-SVZ,pct Oligodendrocyte,OSM_infused,BSA_infused,28.178012179208352,19.75627687436476,0.5122369231610822,0.34474653615185963
infusion,lateral V-SVZ,pct Microglia,OSM_infused,BSA_infused,3.6746049006814556,2.7080866354112048,0.44017516527924777,0.6107162340286014
infusion,lateral V-SVZ,pct Lesion glia (Gfap+ Olig2+),OSM_infused,BSA_infused,0.6044294620849645,0.4102378459661236,0.557985841932633,0.6311183780062954
infusion,lateral V-SVZ,pct Endothelial,OSM_infused,BSA_infused,2.632938234014789,3.6076110885802914,-0.4542221530905737,0.41996585512364987
infusion,lateral V-SVZ,pct Striatal MSN,OSM_infused,BSA_infused,31.41673916195447,42.67251800300003,-0.4417616839323879,0.00676671178366138
infusion,lateral V-SVZ,pct progenitors Mki67+,OSM_infused,BSA_infused,5.0,1.904176904176904,1.3922916404348866,0.35737997290403123
infusion,lateral V-SVZ,pct progenitors Egfr+,OSM_infused,BSA_infused,59.96212121212121,56.073650328969485,0.0967267617217289,0.395706410389561
infusion,lateral V-SVZ,pct progenitors Ascl1+,OSM_infused,BSA_infused,6.9444444444444455,23.953682889853102,-1.7861687938550372,0.14642830987808317
infusion,lateral V-SVZ,oligodendrocyte mean Mbp,OSM_infused,BSA_infused,14.189316431681315,19.26479196548462,-0.44113473197536823,0.043336742632050486
